1.0182,1
1.0094,1
0.99781,1
1.004,1
1.0159,1
0.99601,1
0.99831,1
1.0014,1
1.0046,1
1.0026,1
0.0053883,1
-0.0008487,1
0.0020396,1
0.0080745,1
0.00073556,1
0.0025042,1
-0.0070777,1
0.0045158,1
0.0076049,1
0.010564,1
0.99081,1
1.0081,1
0.99683,1
1.0089,1
0.99739,1
0.99463,1
1.0027,1
0.98983,1
1.0083,1
1.0114,1
0.00013508,1
-0.0044671,1
0.0032904,1
0.0092759,1
0.0036937,1
-0.011193,1
-0.00047086,1
-0.0073504,1
0.0063437,1
0.010677,1
-0.015107,0
-0.0043702,0
-0.0025901,0
0.0040817,0
0.00031805,0
-0.0037498,0
-0.0016326,0
-0.0076596,0
-0.0038857,0
-0.010069,0
1.0004,0
1.0021,0
0.99839,0
0.99962,0
1.004,0
1.0137,0
0.99783,0
1.0038,0
1.0054,0
1.0083,0
1.0234,1
0.9928,1
1.0062,1
1.0062,1
1.0086,1
1.0087,1
1.0012,1
1.0086,1
1.0088,1
1.0195,1
0.0052689,1
0.0057956,1
-0.0024203,1
0.0002691,1
0.0030587,1
0.00035386,1
0.0030017,1
0.0083318,1
0.010015,1
-0.0031717,1
1.0108,1
1.0127,1
1.0157,1
0.99854,1
1.003,1
1.0111,1
1.005,1
1.0045,1
0.99983,1
1.0125,1
-0.01112,1
0.0047118,1
0.0037147,1
0.0098353,1
0.0069151,1
-0.0070772,1
-0.00044874,1
0.010547,1
0.00027317,1
0.0064959,1
-0.0052476,0
0.013606,0
0.0034981,0
-0.0042229,0
-7.9226e-05,0
-0.0076053,0
0.0054226,0
-0.0011926,0
0.0034882,0
-0.0026298,0
1.0081,0
1.0049,0
1.0098,0
1.0147,0
1.0054,0
1.0089,0
0.99848,0
0.99678,0
0.99546,0
1.0195,0
0.0038401,0
0.013341,0
-0.00018443,0
-0.0013304,0
0.0034303,0
-0.0090933,0
-0.00045063,0
-0.0043087,0
-0.00050938,0
0.0090126,0
1.0073,0
1.0066,0
1.0121,0
0.99863,0
1.0139,0
1.0058,0
1.005,0
1.001,0
1.0103,0
0.99526,0
1.0194,1
1.0009,1
1.0043,1
1.0209,1
1.0045,1
1.0079,1
0.99578,1
1.0143,1
1.0007,1
1.001,1
-0.018114,1
9.6241e-05,1
0.0050018,1
0.0074133,1
-0.0067098,1
0.0065732,1
0.00086391,1
0.0022004,1
0.0055437,1
0.00046907,1
1.0082,1
0.9991,1
0.99899,1
1.0126,1
1.0038,1
1.0006,1
1.0185,1
1.0099,1
1.0111,1
1.011,1
0.009865,1
-0.0054946,1
0.0047558,1
-0.013978,1
0.0015631,1
-0.0076513,1
0.010105,1
0.0077144,1
-0.0017064,1
0.0040444,1
0.9944,1
1.0077,1
0.99524,1
0.99609,1
1.0101,1
1.0148,1
0.99693,1
1.0052,1
1.0062,1
1.002,1
0.0015976,1
0.0014671,1
-0.012,1
0.0039564,1
0.0031053,1
1.7863e-05,1
0.012665,1
0.0073558,1
0.0038128,1
0.0078351,1
-0.001737,0
-0.0024684,0
0.013013,0
0.004955,0
0.0041875,0
0.006261,0
0.0035994,0
-0.0046279,0
0.0033359,0
-0.001925,0
1.0089,0
1.001,0
1.0088,0
1.0049,0
1.0041,0
0.9958,0
1.003,0
1.0091,0
0.99697,0
1.0078,0
1.0129,1
1.0017,1
1.0157,1
1.0055,1
1.0112,1
1.0114,1
0.99918,1
1.0111,1
0.99694,1
1.0051,1
0.0018209,1
0.012398,1
-0.012987,1
0.0029176,1
-0.0029627,1
0.0052705,1
-0.0098329,1
-0.0023362,1
0.0035482,1
-0.0065308,1
1.0007,1
1.0043,1
1.0198,1
1.0066,1
1.0079,1
1.0074,1
1.0141,1
1.0093,1
1.0072,1
1.0013,1
0.0075092,1
0.00051654,1
0.011465,1
-0.0080067,1
-0.0031618,1
-0.0025133,1
-0.0020567,1
0.0029589,1
0.0040022,1
0.0038823,1
-0.013551,0
0.0075542,0
0.002852,0
0.0054027,0
-0.012723,0
-0.0081704,0
-0.0042808,0
0.0065708,0
0.0066111,0
0.0073742,0
0.99845,0
1.0004,0
1.0051,0
1.0109,0
1.013,0
1.0158,0
1.0033,0
1.0017,0
1.0078,0
1.0038,0
0.999,1
1.0101,1
1.0104,1
1.0125,1
0.9999,1
1.009,1
1.0097,1
1.0112,1
1.0051,1
1.009,1
-0.0036082,1
0.005293,1
0.014853,1
-0.0037747,1
0.00524,1
-0.0066848,1
-0.0098302,1
0.0056801,1
0.0086074,1
-0.0090527,1
0.0031305,0
0.00090113,0
0.0024853,0
0.0032037,0
-0.00036455,0
0.0026448,0
-0.0087743,0
0.0058111,0
-0.0067931,0
0.011171,0
0.99946,0
1.005,0
1.0012,0
1.0086,0
0.98938,0
0.99908,0
0.99636,0
0.99958,0
1.0094,0
1.008,0
-0.0016731,0
0.0066376,0
-0.0082903,0
-4.5243e-05,0
-0.004859,0
-0.0076997,0
0.0024846,0
-0.0030616,0
-0.0083873,0
0.0031809,0
1.0016,0
1.0096,0
1.012,0
0.99641,0
1.0005,0
1.0035,0
1.003,0
1.0065,0
1.0103,0
1.0064,0
1.001,1
1.0025,1
1.006,1
1.0046,1
0.99813,1
1.013,1
1.0036,1
1.0197,1
1.0153,1
1.0093,1
-0.004385,1
0.0084694,1
0.00091245,1
0.0048493,1
-0.0026714,1
-0.0029752,1
0.0056745,1
0.0051499,1
-0.0096405,1
-0.004721,1
1.0187,1
1.0059,1
1.0114,1
1.0104,1
1.014,1
0.98895,1
1.0115,1
1.0191,1
1.0219,1
1.0173,1
-0.0041068,1
0.0079299,1
0.0020203,1
0.0055035,1
0.0074807,1
-0.005731,1
-0.0061181,1
-0.0071219,1
0.0089867,1
-0.011217,1
1.0091,1
0.99169,1
1.0133,1
1.0055,1
1.0028,1
0.99905,1
1.0012,1
1.0041,1
1.0037,1
1.0112,1
-0.0023266,1
0.0065593,1
-0.00084785,1
0.0050045,1
0.0029819,1
-0.011378,1
-0.0015591,1
0.0051057,1
-0.0011273,1
0.0036334,1
0.9921,1
0.99975,1
1.0091,1
1.0012,1
1.0101,1
1.0052,1
1.0006,1
1.0072,1
1.0147,1
1.0055,1
-0.0012243,1
0.0094155,1
0.011224,1
-0.012538,1
-0.0012973,1
0.0023414,1
0.0022399,1
-0.0068951,1
-0.0072889,1
0.00017797,1
0.00064986,0
-0.0070077,0
-0.00018994,0
0.0089362,0
0.010156,0
-0.0038849,0
-0.0073897,0
0.0027864,0
0.004129,0
-0.00046225,0
1.0013,0
1.0044,0
1.0102,0
0.99306,0
1.0165,0
1.0106,0
1.0085,0
1.0007,0
1.0065,0
1.0043,0
1.0091,1
1.0115,1
1.0098,1
1.0179,1
1.0074,1
1.0075,1
1.0006,1
1.0115,1
1.0169,1
1.01,1
7.403e-05,1
0.00023247,1
0.01252,1
0.0063584,1
-6.9097e-05,1
-0.0040691,1
0.0014393,1
0.0048565,1
-0.00055018,1
-0.007226,1
1.0026,1
1.0047,1
1.008,1
1.0093,1
1.0112,1
1.0054,1
1.0073,1
1.0178,1
1.0081,1
1.0079,1
-0.0081077,1
-0.0048337,1
-0.0021923,1
-0.0089564,1
0.011211,1
-0.0027767,1
-0.016008,1
0.012704,1
0.0054378,1
0.012288,1
1.0103,1
1.0004,1
1.0084,1
0.98622,1
1.0199,1
1.0106,1
0.99246,1
1.011,1
1.0062,1
1.0081,1
0.0060113,1
-0.0086748,1
-0.00097133,1
0.0076791,1
0.0045997,1
-0.00092982,1
-0.0074554,1
-0.0028472,1
-0.0047913,1
0.0028135,1
1.0174,1
1.0029,1
1.0079,1
1.0019,1
1.0203,1
0.99956,1
1.0104,1
0.99116,1
1.0062,1
1.0093,1
0.013068,1
-0.0052944,1
-0.0034128,1
-0.002937,1
-0.0055829,1
0.0037385,1
0.0083978,1
0.0012693,1
-0.0032604,1
-0.010375,1
1.0028,1
1.013,1
1.0087,1
1.0006,1
1.0205,1
1.0088,1
1.0102,1
1.0178,1
1.0072,1
1.013,1
-0.0062793,1
-0.0039024,1
0.0090477,1
-0.011585,1
-0.0040064,1
-0.0026965,1
-0.0091261,1
-0.003259,1
0.0093202,1
-0.01472,1
0.013222,0
0.012963,0
-0.0077835,0
-0.002726,0
-0.0081244,0
0.0050836,0
-0.00036633,0
-0.004649,0
-0.0039816,0
-0.0029584,0
1.0231,0
1.0075,0
1.0163,0
0.99937,0
1.0148,0
1.0032,0
0.99902,0
1.0128,0
1.0106,0
1.0135,0
1.015,1
1.0037,1
0.99844,1
1.0073,1
1.0037,1
1.0085,1
1.0094,1
1.0042,1
1.0121,1
1.0123,1
0.0038004,1
0.0060408,1
-0.0049026,1
-0.0063782,1
-0.0083687,1
0.00030446,1
-0.00079293,1
-0.0034633,1
0.0075999,1
0.0036019,1
0.0020509,0
0.0025736,0
0.0062733,0
0.0036679,0
0.0038644,0
-0.0056661,0
-0.014247,0
-0.0080542,0
0.010347,0
-0.0031263,0
1.0013,0
1.0029,0
1.0212,0
1.0172,0
0.99803,0
1.0054,0
1.0038,0
1.02,0
1.01,0
1.0172,0
1.0129,1
1.0027,1
1.0104,1
1.0067,1
1.008,1
1.0122,1
1.0053,1
1.0076,1
1.0133,1
1.0096,1
-0.00010648,1
0.0082315,1
0.010067,1
-0.0033835,1
0.00081829,1
-0.0045892,1
-0.0067021,1
-0.00687,1
-0.002747,1
-0.0060925,1
-0.0009908,0
-0.0056792,0
-0.0065017,0
0.013597,0
0.0044306,0
-0.015566,0
0.0009935,0
-0.012501,0
0.0004678,0
-7.7429e-05,0
1.014,0
1.0111,0
0.99682,0
1.0004,0
1.017,0
1.0042,0
1.0139,0
1.0137,0
1.0056,0
1.0059,0
-0.0034246,0
0.0031123,0
0.00049769,0
0.0032074,0
0.0080963,0
-0.0046448,0
0.0076036,0
-0.0046912,0
0.0087007,0
0.0060243,0
0.99972,0
0.99008,0
1.0048,0
1.0103,0
1.0136,0
1.0049,0
1.0008,0
1.006,0
1.0115,0
1.0076,0
-0.0036082,0
0.0023943,0
-0.0025029,0
-0.00095104,0
-0.013325,0
0.0035874,0
-0.0032466,0
0.0036996,0
0.00086492,0
-0.0075986,0
1.0257,0
1.0149,0
1.0116,0
0.99867,0
0.99826,0
1.0135,0
1.014,0
0.99562,0
1.0087,0
1.0016,0
-0.012756,0
-0.00029321,0
0.015785,0
-0.0042513,0
-0.0042313,0
-0.0079417,0
-0.0041547,0
0.0062763,0
-0.014051,0
-0.0047964,0
1.0109,0
1.0117,0
1.0106,0
1.0121,0
1.0067,0
1.0043,0
1.0129,0
1.001,0
1.0187,0
1.0024,0
1.0059,1
1.0224,1
1.0012,1
0.99606,1
1.0086,1
1.0093,1
1.004,1
1.0035,1
1.013,1
0.99083,1
-0.0011754,1
0.0042441,1
0.0021044,1
0.017925,1
0.00044054,1
-0.00945,1
-0.0042858,1
0.008626,1
0.0076637,1
9.9638e-05,1
1.0052,1
1.0062,1
1.0065,1
1.0028,1
1.0021,1
1.0178,1
0.99879,1
1.0085,1
1.018,1
1.0062,1
0.0038843,1
0.0045327,1
0.0036069,1
0.013053,1
0.0014406,1
-0.0097091,1
0.0041245,1
-0.0067429,1
0.00051006,1
0.00067541,1
0.006931,0
-0.00082811,0
-0.0045146,0
-0.0059913,0
0.0050743,0
0.011307,0
-0.0039833,0
0.014686,0
0.001554,0
0.0080565,0
1.0055,0
1.0061,0
1.0122,0
1.0022,0
1.0008,0
1.0014,0
1.0041,0
0.99114,0
1.0072,0
1.0069,0
0.98324,1
1.0207,1
0.99591,1
1.0056,1
1.0194,1
1,1
1.0111,1
0.99832,1
1.0108,1
1.0037,1
0.0042318,1
-0.0025726,1
0.004838,1
0.004673,1
-0.0064112,1
-0.01206,1
-0.0044977,1
-0.0038238,1
-0.0092667,1
0.0050562,1
0.0028258,0
0.00050328,0
-0.001707,0
-0.0028225,0
0.00028436,0
-0.0047941,0
0.008596,0
-8.3073e-05,0
-0.0082868,0
-4.6658e-05,0
1.0024,0
1.0104,0
1.0001,0
1.0171,0
1.0007,0
1.0038,0
1.0099,0
1.0173,0
1.006,0
1.0114,0
-0.00015306,0
-0.0037778,0
-0.0026184,0
-0.0047561,0
-0.0085475,0
-0.013772,0
-0.0052924,0
-0.0026951,0
-0.0041922,0
0.0055141,0
1.0041,0
0.99523,0
1.006,0
1.0044,0
1.0119,0
0.99728,0
1.0143,0
1.0059,0
0.99484,0
1.0123,0
-0.01265,0
-0.0049243,0
-0.0014787,0
-0.010553,0
0.0017955,0
-0.011481,0
-0.0044322,0
-0.0027525,0
-0.0010238,0
0.0086792,0
1.0127,0
1.0019,0
1.012,0
1.0024,0
1.0019,0
1.02,0
1.0122,0
1.0068,0
1.0045,0
1.0155,0
1.0056,1
1.0198,1
1.007,1
1.0117,1
1.004,1
1.0045,1
1.0063,1
1.0136,1
1.0056,1
1.0105,1
-0.0048567,1
-0.015243,1
-0.00065989,1
0.015512,1
-0.0031328,1
-0.0010828,1
0.0013643,1
0.0022704,1
-0.0019053,1
0.0027829,1
1.0072,1
1.0111,1
1.0121,1
1.0099,1
1.0182,1
1.0082,1
1.0084,1
1.0116,1
1.0083,1
1.0106,1
0.002144,1
0.016491,1
0.0052785,1
-0.001472,1
0.00040717,1
0.00077638,1
0.0049714,1
0.0029603,1
-0.00066476,1
0.0048011,1
-0.0042582,0
-0.0020513,0
0.0073456,0
0.0091346,0
0.00034161,0
-0.0048834,0
-0.0053696,0
-0.00019867,0
-0.014275,0
-0.008691,0
1.0028,0
1.0103,0
1.0183,0
1.004,0
0.99908,0
1.0127,0
1.0025,0
1.0033,0
1.0095,0
0.99666,0
0.007451,0
0.0098722,0
0.00074258,0
0.0055874,0
0.0097243,0
0.0010697,0
0.0055553,0
0.0065945,0
-0.0035346,0
0.014007,0
1.01,0
1.0114,0
1.0065,0
1.0104,0
1.0116,0
1.0004,0
1.0084,0
1.0154,0
1.0171,0
1.0144,0
-0.007135,0
-0.008736,0
-0.00046213,0
-0.0041681,0
-0.015158,0
-0.014389,0
-0.0083666,0
0.0066517,0
0.00084211,0
0.0042632,0
1.0235,0
1.0217,0
1.0043,0
1.0047,0
1.0106,0
1.0035,0
1.0106,0
1.0167,0
1.0159,0
0.99305,0
1.0025,1
1.0188,1
1.0114,1
1.0081,1
1.0098,1
1.0111,1
1.0113,1
0.99344,1
1.0007,1
1.0189,1
-0.01134,1
-0.00051127,1
0.012453,1
0.005887,1
0.0076524,1
-0.0079539,1
-0.014603,1
-0.0015654,1
-0.006679,1
0.0065202,1
0.99794,1
1.0095,1
1.0075,1
1.0061,1
1.0071,1
1.0052,1
1.0136,1
0.99314,1
0.99904,1
0.99125,1
-0.018671,1
0.0089616,1
0.0019126,1
-0.003049,1
0.0062211,1
0.011135,1
0.012794,1
0.002521,1
0.0041983,1
-0.01088,1
1.0108,1
1.0176,1
1.0093,1
1.012,1
1.0073,1
1.0093,1
1.0157,1
1.0147,1
1.0181,1
1.014,1
-0.0011145,1
-0.0072874,1
-0.0083405,1
-0.0050349,1
0.0043248,1
-0.0055705,1
-0.005709,1
0.0020287,1
0.0058194,1
-0.012451,1
0.0135,0
0.0043865,0
-0.0029586,0
0.0029048,0
-0.002105,0
0.0056594,0
-0.010876,0
-0.010372,0
-0.0030727,0
0.0073516,0
0.9964,0
1.0097,0
1.0134,0
1.0063,0
1.0119,0
1.0132,0
1.0088,0
1.0142,0
1.0183,0
1.0156,0
1.0033,1
1.002,1
1.0156,1
1.0085,1
1.0117,1
1.0135,1
1.0096,1
1.0169,1
1.013,1
1.0146,1
-0.0084113,1
0.0083406,1
0.0064532,1
-2.5124e-05,1
0.0072671,1
0.0071009,1
-0.0037415,1
-0.00050597,1
-0.0055108,1
-0.00014964,1
1.0192,1
1.0091,1
1.0234,1
1.0074,1
1.0178,1
1.0207,1
1.0131,1
1.0039,1
1.0198,1
1.0057,1
-0.0076065,1
0.0092216,1
0.0041971,1
-0.00029429,1
-0.0045258,1
0.001486,1
-0.003492,1
0.0078637,1
0.012581,1
-0.00046348,1
0.0031207,0
0.0083053,0
-0.0047318,0
0.0050547,0
-0.00040282,0
0.0017987,0
-0.0056982,0
-0.00094882,0
0.01116,0
0.011527,0
1.0006,0
1.0205,0
1.0109,0
1.0186,0
1.0086,0
1.0239,0
1.0158,0
1.0094,0
1.0029,0
1.0073,0
0.0058082,0
0.010151,0
0.0078618,0
-0.005796,0
-0.0066152,0
-0.011132,0
-0.0073216,0
-0.00075567,0
-0.00080908,0
0.009031,0
1.0139,0
1.0044,0
1.0153,0
1.0256,0
1.0087,0
1.0044,0
0.99588,0
1.017,0
1.0147,0
1.0018,0
0.0030957,0
0.007113,0
0.0014485,0
0.008916,0
0.0018436,0
0.0070884,0
-0.005048,0
-9.3742e-05,0
-0.00026101,0
-0.0013143,0
1.0097,0
1.0067,0
0.99838,0
1.0062,0
1.0103,0
1.0081,0
1.0109,0
1.0112,0
0.99882,0
1.01,0
1.0092,1
1.0111,1
1.0198,1
1.0133,1
1.009,1
1.0247,1
1.0105,1
1.0127,1
1.0168,1
1.003,1
0.00040035,1
0.0021867,1
-0.0064948,1
0.0069752,1
-0.00074541,1
0.0031232,1
-0.0060026,1
0.0045453,1
0.0029215,1
-0.0050812,1
0.0035114,0
-0.0088551,0
0.0019097,0
0.018034,0
-0.00049559,0
-0.0078511,0
0.0019725,0
-0.0033441,0
0.008949,0
-0.0034379,0
1.0047,0
1.0163,0
1.0155,0
1.002,0
1.0063,0
1.0024,0
1.0074,0
1.0121,0
1.004,0
1.0146,0
1.0204,1
1.0007,1
1.0009,1
1.0089,1
1.0061,1
1.0181,1
1.0016,1
1.0117,1
1.0019,1
1.0088,1
-0.004161,1
0.0038636,1
-0.0048155,1
0.0022295,1
-0.00082223,1
0.0010731,1
-0.0018311,1
0.0013199,1
-8.509e-05,1
0.003277,1
-0.00177,0
0.0018189,0
0.00099255,0
-0.0028322,0
-0.0047202,0
0.0027461,0
0.0043749,0
-0.0012197,0
0.0019281,0
0.0027178,0
1.0057,0
1.0146,0
1.0018,0
1.0157,0
1.0056,0
1.0203,0
1.0097,0
1.0015,0
1.0125,0
1.007,0
1.0067,1
1.0067,1
1.0131,1
1.0131,1
1.0093,1
1.0183,1
1.0041,1
1.0087,1
1.0163,1
1.0162,1
0.012338,1
-0.0074675,1
-0.0018475,1
0.011802,1
0.004378,1
0.014296,1
-0.0037538,1
0.0083867,1
-0.0070576,1
-0.010085,1
-0.010045,0
-0.0012399,0
0.0086246,0
0.0042473,0
-0.0062341,0
0.0033318,0
0.0016559,0
0.0056567,0
-0.0015611,0
-0.0036016,0
0.99525,0
1.0134,0
1.0094,0
1.007,0
1.0054,0
1.0141,0
1.0193,0
1.0134,0
1.0135,0
1.0133,0
1.0146,1
1.0153,1
1.0069,1
1.0146,1
1.0092,1
1.0079,1
1.0104,1
0.99812,1
1.0139,1
1.0098,1
0.0018093,1
-0.0035617,1
0.0016407,1
-0.0051643,1
0.0087159,1
0.013483,1
-0.0048308,1
-0.0023388,1
0.0097475,1
-0.0010721,1
1.0136,1
1.0144,1
1.023,1
1.0121,1
1.0021,1
1.0103,1
1.0025,1
1.012,1
1.0184,1
1.0093,1
0.0013912,1
-0.0020423,1
0.0014875,1
0.0011176,1
0.0061472,1
-0.0049284,1
0.0029412,1
-0.0037453,1
-0.01123,1
-0.0049025,1
1.0059,1
1.0144,1
1.0106,1
1.0135,1
1.003,1
1.0123,1
1.0038,1
1.015,1
1.0123,1
1.0096,1
-0.012088,1
-0.006321,1
0.0066656,1
-0.0072753,1
0.0027888,1
0.0030572,1
0.00025754,1
-0.00078205,1
-0.0020785,1
0.0034187,1
1.0101,1
1.0088,1
1.0125,1
1.0128,1
1.0106,1
1.0122,1
1.0119,1
1.0087,1
0.99872,1
1.013,1
-0.0043344,1
-0.00022843,1
-0.0032072,1
0.0085055,1
0.001583,1
-0.0038719,1
0.0084604,1
-0.0013219,1
-0.00017819,1
0.00099742,1
1.0197,1
1.017,1
1.0109,1
1.0135,1
1.0125,1
1.0238,1
1.0155,1
1.0108,1
1.007,1
1.0142,1
-0.0015609,1
-0.0050918,1
0.0063809,1
0.0069467,1
-0.0020324,1
0.0060189,1
0.0022493,1
-0.0066747,1
0.0020053,1
-0.0041104,1
-0.0053017,0
0.0080814,0
-0.002211,0
0.000925,0
0.00010783,0
0.0063294,0
-0.0023233,0
-0.0061267,0
-7.1494e-05,0
0.0017373,0
1.0294,0
1.0091,0
0.99797,0
1.0106,0
1.0188,0
1.0172,0
1.014,0
1.0099,0
1.0144,0
1.0124,0
-0.0053281,0
0.0094931,0
0.0074444,0
-0.0029192,0
-0.0029412,0
-0.0056075,0
0.018471,0
0.0087792,0
0.0042168,0
0.0059483,0
1.0158,0
1.0137,0
1.007,0
1.0085,0
1.0181,0
1.0086,0
1.0103,0
1.0117,0
1.0021,0
1.0167,0
-0.0044457,0
-0.0019903,0
0.0043532,0
0.002403,0
0.0070856,0
-0.00069592,0
0.002719,0
0.002491,0
0.001803,0
-0.0019539,0
1.0098,0
1.0198,0
1.0039,0
1.0069,0
1.0179,0
1.015,0
1.0121,0
1.0105,0
1.0152,0
1.0106,0
1.0103,1
1.0155,1
0.99963,1
1.0157,1
1.0115,1
1.0087,1
1.0052,1
1.0113,1
1.0018,1
1.0104,1
-0.0059623,1
-0.013012,1
-0.00097445,1
0.00067882,1
0.0046323,1
0.0041595,1
0.0028708,1
-0.00073755,1
0.0054922,1
-0.0020585,1
0.013122,0
-0.0023896,0
0.010656,0
0.00019911,0
0.007915,0
-0.00040722,0
0.0079767,0
0.0096924,0
-0.0046754,0
-0.0021313,0
1.0009,0
1.0142,0
1.0075,0
1.0085,0
1.0043,0
1.0089,0
1.0155,0
1.019,0
1.0145,0
0.99956,0
1.01,1
1.018,1
1.0095,1
1.0149,1
1.0095,1
1.0195,1
1.0168,1
1.0112,1
1,1
1.0068,1
0.011101,1
-0.0091117,1
0.00090654,1
0.0025505,1
0.0072561,1
0.0037566,1
0.00032204,1
0.00010698,1
-0.012199,1
-0.0010151,1
-0.0015344,0
-0.0015801,0
-0.0037267,0
0.003165,0
-0.0067588,0
-0.0052446,0
0.0054762,0
0.0011973,0
0.00407,0
-0.0099524,0
1.006,0
1.0104,0
1.0071,0
1.0089,0
1.0117,0
1.0337,0
1.0205,0
1.0022,0
1.0179,0
1.0141,0
1.0059,1
1.01,1
1.0174,1
1.0236,1
1.0097,1
1.0086,1
1.0122,1
1.0081,1
1.0074,1
1.0082,1
-0.0021665,1
0.0065237,1
-0.0064164,1
-0.0014422,1
-0.005085,1
-0.0011961,1
0.0020778,1
0.00050555,1
0.00099432,1
-0.010978,1
0.01067,0
0.010577,0
-8.2082e-05,0
0.0002394,0
0.0031639,0
0.0025714,0
0.0079404,0
0.010926,0
-0.0057341,0
0.00019472,0
1.0034,0
1.0171,0
1.0232,0
1.0194,0
1.0113,0
0.99976,0
1.0015,0
1.0086,0
1.0075,0
1.0185,0
0.010438,0
-0.0056477,0
-0.0030512,0
0.0012928,0
-0.017228,0
-0.0025815,0
0.0089243,0
0.005178,0
-0.0019264,0
-0.0078743,0
1.0204,0
1.0133,0
1.0039,0
1.0091,0
1.0302,0
1.0064,0
1.0079,0
1.0035,0
1.0182,0
1.0134,0
0.0015208,0
-2.1503e-05,0
-0.0025918,0
0.0018037,0
0.013819,0
-0.0063382,0
0.0056795,0
0.015093,0
0.00056208,0
-0.0094858,0
1.0209,0
1.0118,0
1.0127,0
1.0132,0
1.0106,0
1.0132,0
1.0188,0
1.0009,0
1.0098,0
1.0043,0
1.0159,1
1.0032,1
1.0365,1
1.0225,1
1.0172,1
1.0102,1
1.0219,1
1.0156,1
1.0091,1
1.0097,1
-0.0011457,1
0.012118,1
-0.0080534,1
0.0036146,1
0.00039226,1
0.0049697,1
-0.017847,1
0.0048898,1
0.0052516,1
0.0045053,1
-0.0049134,0
0.0036336,0
0.015423,0
0.0070736,0
0.0045159,0
-0.0057801,0
-0.0019052,0
-0.0038384,0
-0.00078668,0
0.0025664,0
1.0102,0
1.0055,0
1.0096,0
1.0083,0
1.017,0
1.0014,0
1.0078,0
1.0091,0
1.01,0
1.0001,0
0.00089313,0
-0.0005101,0
-0.0017207,0
0.0013571,0
-0.0049692,0
-0.0078914,0
0.0014178,0
-0.011847,0
0.011434,0
0.0032361,0
1.0211,0
1.0034,0
1.0175,0
1.0092,0
1.0171,0
1.0184,0
1.0098,0
1.0254,0
1.0081,0
1.019,0
1.006,1
1.0167,1
1.0256,1
1.018,1
1.0133,1
1.0091,1
1.0094,1
1.0245,1
1.012,1
1.022,1
0.0054795,1
0.0036589,1
-0.0076234,1
0.002614,1
0.0013761,1
0.0071539,1
-0.00077138,1
-0.0073857,1
-0.0058897,1
0.002814,1
1.0069,1
1.0061,1
1.0026,1
1.0155,1
1.0153,1
1.0171,1
1.0005,1
1.0197,1
1.0132,1
1.0058,1
0.0013748,1
-0.0083269,1
-0.015329,1
0.0065195,1
0.0080504,1
0.0030531,1
-0.0044481,1
0.0026842,1
-0.0047778,1
0.0046526,1
1.0062,1
1,1
1.0149,1
1.001,1
1.0142,1
1.0083,1
1.0039,1
1.0135,1
0.9982,1
1.0039,1
-0.0061281,1
0.00090908,1
-0.0066458,1
-0.00086425,1
0.0093144,1
0.0019874,1
0.0096758,1
0.0088086,1
0.01097,1
0.0059928,1
1.0208,1
1.0147,1
1.0142,1
1.0266,1
1.0131,1
1.0147,1
1.015,1
1.0193,1
1.0135,1
1.0175,1
0.0042346,1
0.0002846,1
-0.00098102,1
-0.0060916,1
-0.017167,1
0.0031914,1
0.0029263,1
-0.0054545,1
-0.0094264,1
0.014934,1
0.0010384,0
-0.010232,0
0.0091443,0
-0.0012911,0
0.0011233,0
-0.0042327,0
-0.00024943,0
-0.003714,0
0.0039988,0
-0.00022186,0
1.0318,0
1.0117,0
1.0107,0
1.0137,0
1.0086,0
1.0094,0
1.0232,0
1.0033,0
1.0149,0
1.0137,0
1.0106,1
1.0096,1
1.0061,1
1.0183,1
1.0062,1
1.0177,1
1.007,1
1.0134,1
1.0098,1
1.013,1
-0.016264,1
0.0041001,1
0.0060171,1
0.0037574,1
0.012703,1
0.010902,1
0.011837,1
-0.0067948,1
-0.00065133,1
-0.01397,1
1.0167,1
1.0092,1
1.0092,1
1.0204,1
1.0113,1
1.0148,1
1.0051,1
1.0274,1
1.0204,1
1.0102,1
-0.0044099,1
0.0047459,1
0.00041308,1
-0.0022969,1
0.00082133,1
0.0025734,1
-0.010364,1
-0.00098561,1
0.0043564,1
0.0040623,1
0.012282,0
-0.0013376,0
0.0052082,0
-0.0078633,0
-0.0025177,0
-0.0061571,0
-0.0037673,0
-0.010235,0
2.7896e-05,0
-0.004843,0
1.0094,0
1.0042,0
1.0235,0
1.0077,0
1.0225,0
0.99683,0
1.0142,0
1.0277,0
1.0147,0
1.0092,0
1.0102,1
1.0136,1
1.008,1
1.0133,1
1.0178,1
1.0156,1
1.0087,1
1.015,1
1.0132,1
1.0217,1
0.013439,1
-0.0010218,1
-0.013771,1
0.0050009,1
-4.4856e-05,1
-0.002051,1
-0.013642,1
0.0018917,1
0.0054497,1
0.0013646,1
0.0045736,0
-0.002393,0
-0.0045616,0
0.0042968,0
-0.0032381,0
0.0099548,0
0.0019405,0
-0.0031699,0
0.011091,0
0.0029356,0
1.0124,0
1.0132,0
1.008,0
1.0133,0
1.0164,0
1.0112,0
1.01,0
1.0082,0
1.0149,0
1.0138,0
0.0020612,0
-0.0057221,0
0.0042742,0
-0.0056344,0
0.0066735,0
0.011319,0
-0.0073676,0
0.0082725,0
0.0091336,0
0.0070333,0
1.0162,0
1.0174,0
1.0138,0
1.0167,0
1.0145,0
1.0212,0
1.0192,0
0.99893,0
1.0069,0
1.0166,0
1.0091,1
1.0231,1
1.0123,1
1.0072,1
1.0169,1
1.0131,1
1.0091,1
1.0156,1
1.0115,1
1.0143,1
-0.0019463,1
0.0078259,1
0.0014108,1
-0.0048016,1
-0.0032399,1
0.00088049,1
0.004614,1
-0.0054022,1
-0.0022966,1
0.0098192,1
1.011,1
1.0186,1
1.0246,1
1.0149,1
1.0171,1
1.0041,1
1.0057,1
1.0187,1
1.0154,1
1.0147,1
-0.00096386,1
0.0040909,1
0.010653,1
-0.014401,1
-0.0090776,1
0.0049187,1
-0.0065303,1
-0.007671,1
0.0054131,1
0.00044176,1
1.005,1
1.0017,1
1.0163,1
1.0049,1
1.0145,1
1.0205,1
1.01,1
1.0195,1
1.0212,1
0.99832,1
-0.0040836,1
-0.0012249,1
0.0015781,1
0.0013927,1
0.0051768,1
-0.0089935,1
-0.0072908,1
0.0044145,1
-0.0047002,1
-0.0058734,1
0.00039163,0
0.0014985,0
-0.0056453,0
0.0021542,0
0.0036942,0
-0.0088014,0
-0.008929,0
0.0019873,0
-0.0040658,0
0.0063708,0
1.0156,0
1.0184,0
1.0101,0
1.0172,0
1.0121,0
1.0203,0
1.019,0
1.014,0
1.006,0
1.0174,0
1.0153,1
1.0107,1
1.0012,1
1.0088,1
1.0109,1
1.0151,1
1.0136,1
1.0073,1
1.0159,1
1.0056,1
0.011565,1
0.00661,1
-0.001012,1
0.0047033,1
0.002357,1
-0.0032246,1
-0.0059831,1
0.0035151,1
0.0097225,1
0.0052279,1
0.00062883,0
-0.0080982,0
0.0078752,0
0.014116,0
0.0038255,0
0.0097335,0
-0.0078864,0
-0.0036634,0
-0.0029933,0
0.023934,0
1.0117,0
1.0141,0
1.0102,0
1.0128,0
1.0159,0
1.0046,0
1.0196,0
1.0272,0
1.0167,0
1.0142,0
0.0032543,0
0.0028071,0
-0.00053401,0
-0.0018407,0
-0.0064403,0
0.0028123,0
0.0046581,0
-0.0053682,0
0.0095634,0
0.0028248,0
1.0134,0
1.0237,0
1.0133,0
1.0032,0
1.0081,0
1.0036,0
1.0064,0
1.0358,0
1.0218,0
1.022,0
0.017881,0
-0.0015992,0
-0.0042999,0
-0.0017372,0
0.011176,0
0.0038822,0
-0.0051451,0
0.01248,0
0.0077482,0
0.0052893,0
1.0036,0
1.0157,0
1.0077,0
1.0212,0
1.0114,0
1.0082,0
1.021,0
1.0146,0
1.0133,0
1.0109,0
-0.01232,0
0.0022376,0
-0.0012456,0
0.0043206,0
-0.0008966,0
-0.0031095,0
-0.0016159,0
0.0082077,0
0.0097325,0
0.0058402,0
1.0148,0
1.0225,0
1.0313,0
1.0139,0
1.0045,0
1.0211,0
1.0233,0
1.0034,0
1.0125,0
1.0127,0
1.0163,1
1.0111,1
1.011,1
1.0096,1
1.019,1
1.0081,1
1.0221,1
1.0222,1
1.025,1
1.0212,1
-0.0030706,1
-0.0027951,1
-0.0011261,1
-0.0082527,1
-0.010394,1
-0.0014598,1
-0.0021431,1
0.0067625,1
0.02082,1
0.0058918,1
-0.0049048,0
0.010031,0
-0.0048997,0
-0.0018886,0
0.0092827,0
0.0023935,0
0.010713,0
-0.0013841,0
0.0053521,0
0.0034966,0
1.0174,0
1.0199,0
1.0092,0
1.0099,0
1.0093,0
1.0085,0
1.0145,0
1.0139,0
1.009,0
1.009,0
1.0228,1
1.0064,1
1.0242,1
1.0205,1
1.0131,1
1.0125,1
1.0186,1
1.0125,1
1.0209,1
1.0187,1
0.0047996,1
-0.015718,1
-0.002133,1
0.0028183,1
-0.0037709,1
-0.00036189,1
-0.0027048,1
-0.011166,1
0.012627,1
-0.00063192,1
-0.0079294,0
0.00020668,0
0.0034952,0
-0.0073838,0
0.0030064,0
0.0053793,0
0.0014789,0
-0.010958,0
-0.0018231,0
-0.0030615,0
1.0117,0
1.0207,0
1.0045,0
1.0093,0
1.0162,0
1.004,0
1.0163,0
1.0288,0
1.0196,0
1.0049,0
1.0207,1
1.0284,1
1.0185,1
1.0218,1
1.02,1
1.0107,1
1.0164,1
1.0163,1
1.0035,1
1.0189,1
0.006382,1
-0.0029911,1
0.0019286,1
-0.016472,1
0.0057991,1
0.0013323,1
0.011321,1
-0.012348,1
0.001374,1
-0.009445,1
-0.0024807,0
0.010181,0
-5.5779e-05,0
0.0013294,0
-0.0045868,0
-0.0036796,0
0.0034748,0
-0.0039539,0
0.0071681,0
-0.0036346,0
1.0195,0
1.0167,0
1.0155,0
1.0196,0
1.005,0
1.016,0
1.0231,0
1.0044,0
1.0042,0
1.0135,0
1.0151,1
1.0135,1
1.0147,1
1.0243,1
1.0169,1
1.0104,1
1.0171,1
1.0086,1
1.0173,1
1.0185,1
-0.0039707,1
-0.0078086,1
-0.00039488,1
0.00538,1
0.0061287,1
0.0035035,1
0.0043913,1
-0.0051166,1
0.0024291,1
-0.00024301,1
1.0251,1
1.012,1
1.0216,1
1.0172,1
1.0274,1
1.013,1
1.0181,1
1.0167,1
1.0082,1
1.0141,1
0.0034815,1
-0.00056526,1
0.0082943,1
0.0096408,1
-0.0021479,1
-0.012053,1
-0.0048755,1
-0.0012264,1
-0.0013981,1
-0.0026292,1
1.006,1
1.0026,1
1.0209,1
1.0114,1
1.016,1
1.02,1
1.0202,1
1.0144,1
1.0173,1
1.0183,1
-0.0071865,1
0.0071839,1
0.0017345,1
-0.002844,1
-0.0047636,1
-0.0067002,1
-0.0063104,1
0.0028596,1
0.0070664,1
0.00038502,1
0.006885,0
0.017779,0
0.0029722,0
-0.012167,0
-0.004797,0
-0.0050779,0
-0.010249,0
-0.0051848,0
0.0045468,0
0.0086871,0
1.0201,0
1.0069,0
1.0202,0
1.0138,0
1.0095,0
1.012,0
1.015,0
1.0178,0
1.0134,0
1.0257,0
0.0018457,0
-0.013935,0
0.014758,0
-0.0015632,0
0.003239,0
-0.0030367,0
-0.008208,0
0.00037566,0
0.0050094,0
0.0015715,0
1.022,0
1.0093,0
1.008,0
1.0156,0
1.0054,0
1.0205,0
1.0155,0
1.0189,0
1.0084,0
1.016,0
-0.00082213,0
-0.0028369,0
-0.012477,0
-0.0035341,0
0.002859,0
-0.0032854,0
0.012445,0
-0.017449,0
-0.0070039,0
0.00085778,0
1.0157,0
1.0129,0
1.0092,0
1.0216,0
1.0117,0
1.0202,0
1.0141,0
0.99437,0
1.0247,0
1.0199,0
1.0115,1
1.0137,1
1.0267,1
1.0069,1
1.0132,1
1.0161,1
1.0175,1
1.0147,1
1.0112,1
1.028,1
0.00039467,1
0.00077545,1
-0.0063249,1
-0.009117,1
-0.00027525,1
0.011197,1
-0.0050872,1
-0.0063544,1
0.0063931,1
0.009578,1
0.0056987,0
0.0029241,0
-0.002084,0
0.0077879,0
-0.00665,0
-0.002061,0
0.00671,0
0.00096743,0
0.011982,0
0.0039847,0
1.0188,0
1.0134,0
1.0174,0
1.0171,0
1.017,0
1.0075,0
1.0101,0
1.0218,0
1.0151,0
1.02,0
1.0101,1
1.0176,1
1.0127,1
1.0063,1
1.0176,1
1.0194,1
1.0141,1
1.0182,1
1.0189,1
1.0042,1
0.010892,1
0.003702,1
0.0083482,1
-0.00047383,1
0.0050558,1
0.0097754,1
-0.0023214,1
-0.00050987,1
-0.012301,1
0.0093003,1
1.0126,1
1.0085,1
1.0166,1
1.015,1
1.0222,1
1.01,1
1.0123,1
1.0063,1
1.0111,1
1.0087,1
0.012345,1
0.00043628,1
-0.003655,1
0.0061611,1
-0.008021,1
-0.0056928,1
-0.0026329,1
-0.0069639,1
0.0019183,1
0.002465,1
1.012,1
1.0232,1
1.0134,1
1.0159,1
1.0144,1
1.0101,1
1.0234,1
1.0143,1
1.013,1
1.0148,1
-0.0020222,1
-0.00066779,1
-0.019373,1
0.0085862,1
0.012621,1
-0.015691,1
-0.013317,1
-0.015788,1
-0.0025973,1
0.010342,1
-0.000703,0
0.0088981,0
0.00048999,0
-0.001286,0
0.0084455,0
-0.0058677,0
-0.0015018,0
0.0033891,0
0.0021436,0
0.0086324,0
1.0126,0
1.0112,0
1.0118,0
1.0176,0
1.0189,0
1.0172,0
1.0104,0
1.0188,0
1.0142,0
1.014,0
-0.0012516,0
-0.010107,0
-0.0017182,0
0.0041299,0
-0.0095343,0
0.011305,0
-2.3832e-05,0
0.01057,0
0.01326,0
0.0074522,0
1.02,0
1.0228,0
1.0206,0
1.0109,0
1.0116,0
1.0265,0
1.0209,0
1.0229,0
1.0148,0
1.0156,0
-0.00028373,0
0.0010398,0
-0.0066542,0
-0.0017804,0
-0.0074092,0
0.0037639,0
-0.0040309,0
-0.0030743,0
0.00099075,0
0.00144,0
1.0295,0
1.0197,0
1.0291,0
1.0176,0
1.0203,0
1.0131,0
1.0045,0
1.0192,0
1.0187,0
1.0223,0
1.0119,1
1.0171,1
1.0228,1
1.0092,1
1.0149,1
1.0146,1
1.0035,1
1.0261,1
1.0163,1
1.0022,1
-0.0057987,1
-0.0054008,1
0.008789,1
0.00083315,1
0.0022296,1
0.0077114,1
-0.021516,1
-0.0096571,1
-0.0048761,1
0.0037101,1
-0.014198,0
-0.0037668,0
-0.0018495,0
0.00043069,0
0.0006832,0
-0.0044313,0
-0.0079541,0
0.0090685,0
-0.0067558,0
0.010648,0
1.0131,0
1.0087,0
1.0206,0
1.0221,0
1.0146,0
1.007,0
1.0157,0
1.0192,0
1.0168,0
1.0166,0
1.0117,1
1.0172,1
1.015,1
1.0161,1
1.014,1
1.0217,1
1.0118,1
1.0186,1
1.0169,1
1.0196,1
0.0037383,1
-0.0090644,1
0.0021803,1
-0.012583,1
0.0041882,1
0.005041,1
-0.0082825,1
0.0026227,1
-0.00081025,1
0.0082938,1
1.0149,1
1.0176,1
1.0124,1
1.0137,1
1.0169,1
1.0055,1
1.0252,1
1.0146,1
1.0224,1
1.006,1
-0.0064203,1
0.0065686,1
-0.0054504,1
-0.0089907,1
-0.0151,1
0.0037247,1
0.0072753,1
0.003837,1
0.0032545,1
0.0045159,1
1.0187,1
1.019,1
1.0208,1
1.0096,1
1.0229,1
1.0134,1
1.0082,1
1.0202,1
1.0227,1
1.0205,1
-0.00033627,1
0.0095275,1
-0.011687,1
-0.0013992,1
-0.0022188,1
-0.00034444,1
0.00019646,1
0.0055076,1
0.0043282,1
-0.010975,1
0.010228,0
-0.0032586,0
-0.0072626,0
-0.0018692,0
0.0028852,0
-0.0035141,0
0.0019495,0
0.00028676,0
-0.011195,0
-0.014502,0
1.0183,0
1.0153,0
1.0211,0
1.0248,0
1.0143,0
1.02,0
1.0168,0
1.012,0
1.0128,0
1.0148,0
-0.013112,0
0.011743,0
-0.0059096,0
-0.0028251,0
0.005569,0
-0.0027714,0
0.0041951,0
-0.00045375,0
-0.0027076,0
0.01721,0
1.0141,0
1.0203,0
1.0104,0
1.0169,0
1.0193,0
1.0182,0
1.0336,0
1.0109,0
1.0146,0
1.0256,0
0.0044392,0
0.0082948,0
-0.003212,0
0.00049233,0
-0.013523,0
0.00030463,0
-0.01395,0
-0.0056564,0
-0.0075109,0
-0.0098797,0
1.0178,0
1.0035,0
1.0184,0
1.0137,0
0.99309,0
1.0205,0
1.0127,0
1.0086,0
1.0216,0
1.0188,0
1.0172,1
1.0156,1
1.0138,1
1.0183,1
1.0227,1
1.0187,1
1.0178,1
1.0326,1
1.0223,1
1.0233,1
0.012166,1
0.0053679,1
-0.002114,1
0.0018497,1
-0.0076225,1
0.0041134,1
-0.0084822,1
-0.0038327,1
0.00094092,1
-0.0041011,1
0.0084961,0
0.0061169,0
0.0080235,0
0.0091829,0
0.0093666,0
0.0026918,0
-0.0053413,0
0.012442,0
-0.0035645,0
-0.00085189,0
1.0119,0
1.0075,0
1.012,0
1.0205,0
1.0218,0
1.0212,0
1.0246,0
1.0124,0
1.0096,0
1.0053,0
1.0139,1
1.0253,1
1.014,1
1.029,1
1.0252,1
1.007,1
1.0127,1
1.028,1
1.019,1
1.0167,1
-0.0079607,1
-0.0055341,1
0.0084445,1
-0.0046257,1
0.0064657,1
-0.0076826,1
-0.00065544,1
0.00015616,1
0.0055228,1
0.0015974,1
0.0050568,0
-0.0074217,0
0.0053897,0
-0.00031759,0
0.0087274,0
0.0076913,0
0.00095071,0
0.0033907,0
-5.0456e-05,0
-0.0017904,0
1.0244,0
1.0057,0
1.0245,0
1.0157,0
1.0141,0
1.0193,0
1.0134,0
1.019,0
1.0113,0
1.0177,0
0.0036134,0
0.0094069,0
-0.0050419,0
-0.0042994,0
0.0038491,0
-0.0014151,0
-0.0012365,0
0.0036385,0
0.0048559,0
0.0033379,0
1.0125,0
1.0168,0
1.0168,0
1.0124,0
1.0156,0
1.0258,0
1.0146,0
1.0207,0
1.0167,0
1.0336,0
-0.0029762,0
-0.0068554,0
-0.0026241,0
0.0038191,0
0.012941,0
0.0088806,0
0.0025664,0
-0.00088892,0
0.013097,0
0.0078467,0
1.015,0
1.012,0
1.0203,0
1.0193,0
1.0245,0
1.0112,0
1.0216,0
1.0244,0
1.0178,0
1.01,0
-0.010585,0
-0.0043445,0
0.0097524,0
0.00064052,0
0.013001,0
-0.0058988,0
-0.00060935,0
0.0088583,0
0.0069879,0
-0.012794,0
0.99675,0
1.0088,0
1.0206,0
1.022,0
1.0247,0
1.021,0
1.023,0
1.0155,0
1.0127,0
1.0099,0
1.0285,1
1.0162,1
1.0142,1
1.0131,1
1.019,1
1.0158,1
1.0153,1
1.0218,1
1.019,1
1.0191,1
1.7983e-05,1
-0.0049102,1
-0.018086,1
0.012459,1
0.0031262,1
-0.0093414,1
0.0050014,1
-0.0037222,1
0.0065409,1
-0.0070601,1
1.0163,1
1.0097,1
1.0075,1
1.0123,1
1.0142,1
1.0147,1
1.0094,1
1.015,1
1.0354,1
1.0198,1
0.0061863,1
0.0074801,1
0.0097614,1
0.0019517,1
-0.0015653,1
0.0024184,1
0.0012017,1
0.0079391,1
-0.0070371,1
0.0060249,1
1.014,1
1.019,1
1.0177,1
1.0228,1
1.0176,1
1.0097,1
1.0194,1
1.0199,1
1.0079,1
1.0176,1
-0.0032524,1
0.001695,1
0.0067729,1
0.0064255,1
0.01458,1
-0.010148,1
-0.00061608,1
-0.0038113,1
-0.0039837,1
0.01096,1
-0.0042702,0
-0.0098382,0
-0.011548,0
-0.0003173,0
-0.014955,0
0.0039386,0
-0.014796,0
0.0079078,0
-0.0013124,0
-0.003786,0
1.0137,0
1.0115,0
1.0122,0
1.0357,0
1.0067,0
1.0158,0
1.0144,0
1.0228,0
1.0187,0
1.0147,0
1.0093,1
1.0278,1
1.0158,1
1.0013,1
1.0229,1
1.0124,1
1.0186,1
1.0262,1
1.0174,1
1.0277,1
0.0091334,1
0.014925,1
-0.0045875,1
-0.00611,1
0.012948,1
0.0010682,1
0.0044938,1
-0.0013086,1
-0.0019808,1
-0.0024781,1
1.0243,1
1.0242,1
1.023,1
1.0202,1
1.018,1
1.0188,1
1.0227,1
1.0147,1
1.0174,1
1.0144,1
-0.00019746,1
0.0014253,1
-0.012201,1
-0.00097123,1
-0.0049485,1
0.00052265,1
-0.0014563,1
-0.0073953,1
-0.0068256,1
0.018636,1
-0.010962,0
-0.016264,0
0.0025841,0
-0.0018067,0
0.0055154,0
0.0016703,0
0.0085563,0
-0.0056697,0
0.005014,0
-0.0053394,0
1.03,0
1.021,0
1.022,0
1.0214,0
1.0278,0
1.0155,0
1.0338,0
1.0154,0
1.0345,0
1.0162,0
1.0231,1
1.0175,1
1.0184,1
1.0109,1
1.0218,1
1.0142,1
1.0188,1
1.0136,1
1.0143,1
1.0175,1
-0.0091649,1
-0.0030917,1
-0.004475,1
-0.0069803,1
-0.0038668,1
-0.0018242,1
0.0052187,1
-0.00439,1
-0.0036321,1
0.011576,1
0.0052291,0
-0.010395,0
0.011813,0
-0.0025765,0
-0.002163,0
-0.0039337,0
0.0065705,0
-0.0013282,0
0.018829,0
-8.0143e-05,0
1.0292,0
1.0179,0
1.0194,0
1.0128,0
1.0268,0
1.0178,0
1.0302,0
1.0211,0
1.0135,0
1.026,0
0.0094793,0
-0.0042053,0
-0.00066125,0
0.0084857,0
0.0027139,0
0.0047804,0
0.00023695,0
-0.011023,0
0.0087785,0
0.014105,0
1.0171,0
1.0167,0
1.0148,0
1.0181,0
1.0275,0
1.0084,0
1.036,0
1.0174,0
1.0098,0
1.0161,0
0.0039648,0
-0.0036871,0
-0.0045188,0
0.0053399,0
-0.0026097,0
-0.00034453,0
-0.013668,0
0.0093963,0
0.00027132,0
0.0085887,0
1.0183,0
1.0298,0
1.0141,0
1.0289,0
1.0133,0
1.0234,0
1.0162,0
1.0186,0
1.0286,0
1.0177,0
-0.0013262,0
0.0025799,0
0.0044889,0
0.0061033,0
-0.0073363,0
0.0012542,0
0.006354,0
-0.0021265,0
-0.00018975,0
-0.00242,0
1.0169,0
1.0189,0
1.0228,0
1.0148,0
1.022,0
1.0157,0
1.0175,0
1.0255,0
1.0189,0
1.0168,0
0.00087372,0
0.0018399,0
0.00049052,0
-0.007985,0
-0.013155,0
-0.0087568,0
-0.0025959,0
-0.0016057,0
0.0087431,0
0.0088768,0
1.0172,0
1.0259,0
1.0127,0
1.0133,0
1.0139,0
1.0135,0
1.0224,0
1.0211,0
1.018,0
1.0042,0
0.0051835,0
-0.0089545,0
0.003564,0
0.01017,0
0.0038974,0
-0.0018263,0
-0.0025326,0
0.018155,0
0.0061827,0
-0.0011685,0
1.0242,0
1.0082,0
1.018,0
1.0237,0
1.0174,0
1.0178,0
1.0118,0
1.0222,0
1.02,0
1.0228,0
-0.0038771,0
-0.0076174,0
0.0052673,0
-0.010118,0
0.011022,0
0.0079749,0
-0.007149,0
0.0099232,0
-0.013938,0
0.0028419,0
1.0262,0
1.0072,0
1.0257,0
1.0091,0
1.0194,0
1.0037,0
1.0148,0
1.0184,0
1.036,0
1.0284,0
0.0050177,0
-0.0032818,0
0.0017052,0
0.00025453,0
0.0067945,0
-0.00089965,0
-0.00068027,0
0.0062324,0
-0.0052316,0
-0.0016654,0
1.0071,0
1.0121,0
1.0225,0
1.0183,0
1.0101,0
1.025,0
1.0246,0
1.0121,0
1.0278,0
1.0244,0
1.0085,1
1.0108,1
1.0016,1
1.0164,1
1.0267,1
1.0204,1
1.0103,1
1.0214,1
1.0232,1
1.0222,1
-0.006948,1
-0.0061146,1
0.0067662,1
0.0046926,1
-0.0049182,1
-0.0028021,1
-0.0038051,1
-0.0076864,1
-0.0075028,1
-0.0033566,1
1.0196,1
1.0232,1
1.0209,1
1.022,1
1.0175,1
1.0071,1
1.0176,1
1.0125,1
1.0115,1
1.0251,1
-0.00020556,1
-0.0052449,1
0.0022522,1
-0.0091875,1
0.0008109,1
-0.0055575,1
0.004263,1
-0.0022812,1
0.00049358,1
-0.0043395,1
-0.0052649,0
0.0061843,0
-0.016116,0
0.0011381,0
-0.0043747,0
-0.0058082,0
-0.010625,0
0.0012522,0
0.0063373,0
0.0031758,0
1.007,0
1.0236,0
1.0188,0
1.0097,0
1.0228,0
1.0206,0
1.0137,0
1.0377,0
1.0214,0
1.0211,0
-0.0090861,0
0.015501,0
-0.0029848,0
-0.0060887,0
-0.0034099,0
0.0031069,0
0.0032225,0
0.0070528,0
-0.0040503,0
0.0022233,0
1.0146,0
1.0091,0
1.0166,0
1.0192,0
1.0314,0
1.0273,0
1.0235,0
1.0254,0
1.0159,0
1.0213,0
0.015107,0
-0.0020177,0
-0.0035347,0
0.0058398,0
0.0051421,0
-0.012639,0
-0.0015155,0
0.00058275,0
0.0058366,0
0.0029873,0
1.0212,0
1.0047,0
1.0154,0
1.0173,0
1.0205,0
1.0268,0
1.021,0
1.0246,0
1.0229,0
1.0262,0
1.0177,1
1.023,1
1.0076,1
1.0055,1
1.0198,1
1.0247,1
1.0085,1
1.0287,1
1.0147,1
1.0083,1
-0.0017011,1
-0.0029111,1
0.017083,1
0.0078105,1
0.0057866,1
0.0038751,1
0.0029969,1
-0.0016124,1
0.0036984,1
0.0034816,1
-0.001561,0
-0.0047596,0
-0.0010879,0
0.0091949,0
0.01792,0
0.0059395,0
0.0015833,0
0.0058564,0
-0.0035609,0
0.0014852,0
1.0273,0
1.0288,0
1.021,0
1.0179,0
1.0205,0
1.0117,0
1.0213,0
1.0154,0
1.0262,0
1.0208,0
-0.004765,0
-0.004998,0
-0.0027609,0
-0.00012673,0
0.0068424,0
-0.003939,0
0.0076446,0
0.0025803,0
-0.0034587,0
0.00053459,0
1.015,0
1.0127,0
1.0137,0
1.0281,0
1.019,0
1.0266,0
1.0167,0
1.0182,0
1.0119,0
1.0227,0
1.0133,1
1.0188,1
1.0162,1
1.0181,1
1.014,1
1.0179,1
1.0189,1
1.0189,1
1.0191,1
1.0162,1
-0.0088819,1
0.0052611,1
0.01974,1
-0.0044194,1
0.015844,1
0.01805,1
-0.0048554,1
0.0017062,1
0.0040122,1
-0.00065263,1
-0.0081769,0
0.0019344,0
0.0041662,0
0.0016875,0
-0.009161,0
-0.0026312,0
0.0085259,0
0.0057254,0
-0.0059774,0
-0.0031053,0
1.0164,0
1.0113,0
1.0267,0
1.014,0
1.0172,0
1.0229,0
1.0131,0
1.017,0
1.0145,0
1.0356,0
-0.0019463,0
-0.0069051,0
0.010878,0
-0.011035,0
0.0067549,0
-0.0042555,0
-0.00041122,0
-0.0034308,0
0.0071064,0
0.0032568,0
1.0219,0
1.016,0
1.0161,0
1.0266,0
1.0236,0
1.0186,0
1.0213,0
1.0164,0
1.0227,0
1.0208,0
0.0016332,0
0.011421,0
0.0081634,0
0.0061663,0
0.0078286,0
-0.00026246,0
-0.0013427,0
-0.0060442,0
0.010231,0
-0.0039378,0
1.0104,0
1.0235,0
1.0152,0
1.0172,0
1.0264,0
1.0213,0
1.0203,0
1.0172,0
1.0076,0
1.0125,0
0.0023276,0
-0.005216,0
-0.0072953,0
-0.0039882,0
0.0069,0
0.00096717,0
0.0037811,0
0.0076077,0
-0.012038,0
0.0087404,0
1.0027,0
1.0203,0
1.012,0
1.0246,0
1.0241,0
1.0105,0
1.02,0
1.0251,0
1.0122,0
1.0153,0
0.0075916,0
-0.0084845,0
-0.0026569,0
-0.0091674,0
-0.0064047,0
-0.00069857,0
-0.0034767,0
0.001674,0
-0.0051635,0
0.005604,0
1.0168,0
1.0256,0
1.0203,0
1.0225,0
1.0321,0
1.0293,0
1.0272,0
1.0191,0
1.0232,0
1.0252,0
1.0213,1
1.0136,1
1.0164,1
1.019,1
1.0134,1
1.03,1
1.0148,1
1.0274,1
1.0237,1
1.0204,1
0.012411,1
0.0035196,1
-0.0089271,1
0.0031332,1
-0.0084336,1
-0.0013933,1
0.015948,1
-0.011569,1
0.0014881,1
0.008874,1
1.0217,1
1.0165,1
1.0177,1
1.0239,1
1.0208,1
1.0203,1
1.0245,1
1.0252,1
1.0094,1
1.0178,1
-0.0041949,1
-0.00010402,1
-0.0073665,1
-0.0043295,1
-0.0021088,1
0.0074283,1
0.0039958,1
0.0035156,1
0.0031581,1
-0.0028111,1
1.0163,1
1.0202,1
1.0194,1
1.0152,1
1.014,1
1.0273,1
1.0178,1
1.0167,1
1.027,1
1.022,1
0.0059605,1
-0.0051458,1
-0.0011925,1
-0.0076172,1
-0.0055499,1
0.0065271,1
0.0070457,1
-0.00076796,1
0.0027113,1
-0.0090405,1
-0.0018388,0
0.0034655,0
0.0036776,0
0.0011268,0
-0.0011179,0
0.0025844,0
0.0043952,0
-0.004633,0
0.0010557,0
0.005618,0
1.0248,0
1.0143,0
1.025,0
1.0162,0
1.014,0
1.0247,0
1.0158,0
1.0235,0
1.0173,0
1.0173,0
0.001405,0
0.0040732,0
0.011999,0
-0.008704,0
0.0014179,0
-0.0022655,0
0.0024824,0
-0.0030923,0
0.0029518,0
0.0082277,0
1.0143,0
1.0266,0
1.0271,0
1.0238,0
1.0213,0
1.0234,0
1.0091,0
1.0195,0
1.0198,0
1.0243,0
-0.0015592,0
-0.00076537,0
0.0048649,0
0.008297,0
0.0011748,0
0.00010205,0
0.0038402,0
-0.0063998,0
0.00058584,0
0.0080714,0
1.0241,0
1.0286,0
1.0264,0
1.0158,0
1.0223,0
1.0139,0
1.0088,0
1.0184,0
1.0163,0
1.0221,0
1.027,1
1.0238,1
1.0313,1
1.031,1
1.0211,1
1.0304,1
1.0239,1
1.0234,1
1.0187,1
1.0137,1
0.011266,1
0.0096882,1
0.0012151,1
0.0016463,1
0.0062672,1
-0.0021634,1
-0.0066422,1
0.0039697,1
-0.006876,1
-0.009702,1
-0.002721,0
0.0062394,0
0.0036271,0
8.2951e-05,0
-0.003166,0
0.0027606,0
-0.009895,0
0.0031403,0
0.0037202,0
0.0072641,0
1.0238,0
1.0173,0
1.0205,0
1.0181,0
1.0317,0
1.0122,0
1.013,0
1.0268,0
1.026,0
1.0153,0
0.0073394,0
0.0026324,0
-0.0058739,0
0.0042342,0
-0.0076998,0
-0.0014014,0
-0.0042443,0
0.0020891,0
-0.011036,0
-0.006835,0
1.0178,0
1.0165,0
1.0309,0
1.0208,0
1.0042,0
1.012,0
1.0277,0
1.0199,0
1.0164,0
1.0295,0
-0.0021172,0
0.0036449,0
-0.010808,0
3.3922e-05,0
0.003226,0
-0.0017594,0
0.00014762,0
-0.0057809,0
-0.0050408,0
-0.0070448,0
1.0275,0
1.0251,0
1.0191,0
1.0282,0
1.018,0
1.0161,0
1.0142,0
1.0241,0
1.0124,0
1.015,0
1.0199,1
1.0252,1
1.0289,1
1.0177,1
1.0183,1
1.0255,1
1.0187,1
1.0188,1
1.0132,1
1.0068,1
0.0042654,1
0.0015223,1
-0.014156,1
0.0044032,1
0.0073428,1
0.01031,1
0.0070946,1
-0.0050257,1
-0.0016579,1
-0.010192,1
1.0388,1
1.0242,1
1.0311,1
1.0265,1
1.016,1
1.0085,1
1.0105,1
1.0394,1
1.0283,1
1.0248,1
-0.00027959,1
0.00038357,1
0.018499,1
0.0073519,1
0.003468,1
0.0096442,1
-0.0047688,1
0.00012768,1
-0.0019464,1
6.6687e-05,1
1.0273,1
1.0221,1
1.0162,1
1.0193,1
1.0223,1
1.0206,1
1.0157,1
1.0201,1
1.0115,1
1.0238,1
-0.0068664,1
0.013623,1
0.0040593,1
0.0013896,1
0.0045399,1
-0.00030533,1
0.0061225,1
0.01272,1
0.0032796,1
0.002818,1
0.0075427,0
0.0053263,0
0.0014365,0
0.01363,0
0.0050181,0
-0.0032431,0
0.011621,0
-0.0092381,0
0.012597,0
-0.0048368,0
1.0231,0
1.022,0
1.0137,0
1.0218,0
1.022,0
1.0207,0
1.0198,0
1.0236,0
1.0204,0
1.0244,0
1.0181,1
1.0262,1
1.0123,1
1.0119,1
1.0147,1
1.0186,1
1.0319,1
1.0253,1
1.0166,1
1.0236,1
-0.0058743,1
-0.0046974,1
0.00091493,1
-0.0063791,1
0.0021062,1
-0.0098622,1
0.0095185,1
-0.0068463,1
0.0029721,1
0.0056344,1
0.0034426,0
0.00038101,0
0.0089399,0
-0.0067795,0
0.0058132,0
-0.0036229,0
-0.0033977,0
-0.0082179,0
0.0070673,0
0.0041421,0
1.0237,0
1.0247,0
1.0291,0
1.0259,0
1.0171,0
1.0273,0
1.0226,0
1.0117,0
1.0199,0
1.0277,0
1.0198,1
1.0268,1
1.0162,1
1.0122,1
1.0233,1
1.0256,1
1.0265,1
1.0235,1
1.0285,1
1.0269,1
-0.0028316,1
0.009686,1
-0.00080792,1
0.0076427,1
-0.0059349,1
0.00062169,1
-0.0032517,1
-0.0011266,1
-0.010404,1
0.00043227,1
-0.010008,0
0.001445,0
-0.0048526,0
0.0013406,0
-0.0057078,0
0.0097585,0
-0.010571,0
-0.012787,0
0.0072826,0
0.0013998,0
1.0231,0
1.0217,0
1.0121,0
1.0257,0
1.0198,0
1.0207,0
1.0165,0
1.0102,0
1.0275,0
1.0136,0
1.0118,1
1.0388,1
1.0197,1
1.0215,1
1.0215,1
1.0265,1
1.0189,1
1.0225,1
1.0171,1
1.0231,1
0.0064137,1
0.0093045,1
-0.00060081,1
0.0081726,1
-0.0018283,1
0.0037813,1
0.007508,1
-0.0063854,1
0.0054623,1
-0.0095483,1
0.00020614,0
0.0044047,0
-0.0033965,0
-0.0030798,0
8.9893e-05,0
0.0084997,0
-0.0010279,0
0.0012691,0
-6.3407e-05,0
-0.0065838,0
1.0208,0
1.0173,0
1.0299,0
1.0105,0
1.0351,0
1.0168,0
1.0202,0
1.0226,0
1.0168,0
1.0114,0
0.0014151,0
-0.010813,0
-0.0027521,0
-0.0073613,0
-0.0056602,0
-0.0020227,0
-0.015736,0
-0.011091,0
0.0015156,0
-0.012729,0
1.0242,0
1.0202,0
1.0217,0
1.0186,0
1.0198,0
1.0195,0
1.0203,0
1.0224,0
1.0209,0
1.0178,0
1.0166,1
1.0147,1
1.0116,1
1.013,1
1.0225,1
1.0259,1
1.0254,1
1.0207,1
1.0208,1
1.024,1
-0.0015789,1
0.016311,1
0.00078825,1
-0.00084914,1
-0.0036438,1
0.011267,1
-0.015328,1
-0.0041633,1
0.0064656,1
-0.0075532,1
1.0252,1
1.0259,1
1.0254,1
1.0252,1
1.0305,1
1.0143,1
1.0166,1
1.0299,1
1.0212,1
1.0183,1
-0.003195,1
0.0050533,1
-0.0018062,1
0.0023823,1
0.0074987,1
-0.0056285,1
0.0040408,1
0.0045278,1
-0.0064065,1
-0.0056639,1
0.009333,0
-0.0086507,0
0.0073974,0
0.00046262,0
0.0019529,0
-0.0017492,0
0.011891,0
0.003403,0
-0.0056049,0
0.0036141,0
1.0194,0
1.0231,0
1.0104,0
1.0208,0
1.0175,0
1.0191,0
1.0302,0
1.0331,0
1.0228,0
1.0177,0
1.0234,1
1.0212,1
1.0189,1
1.0223,1
1.0233,1
1.0228,1
1.0254,1
1.011,1
1.0235,1
1.0242,1
0.005988,1
0.0010936,1
0.003125,1
-0.0035319,1
-0.0022192,1
-0.011814,1
-0.0086386,1
-0.0069797,1
0.0050761,1
-0.0037744,1
1.0024,1
1.02,1
1.0349,1
1.025,1
1.0312,1
1.0162,1
1.0274,1
1.0271,1
1.0259,1
1.0196,1
-0.0015221,1
-0.0079454,1
-0.011368,1
-0.00069127,1
0.0076729,1
-0.013365,1
-0.0021325,1
0.0046955,1
0.0068291,1
0.0011365,1
-0.0048312,0
-0.0084994,0
0.0026239,0
0.0051916,0
-0.014323,0
-0.0047022,0
-0.0059055,0
-0.0062025,0
-0.00035083,0
-0.00053579,0
1.0216,0
1.0284,0
1.0142,0
1.0158,0
1.0273,0
1.0106,0
1.0159,0
1.0121,0
1.0276,0
1.0205,0
0.0052009,0
0.012539,0
0.0055016,0
0.0068739,0
0.0012378,0
0.0016422,0
-0.0070131,0
-4.2358e-06,0
-0.01217,0
-0.00077149,0
1.027,0
1.0182,0
1.03,0
1.0225,0
1.0269,0
1.0074,0
1.0204,0
1.029,0
1.0123,0
1.0273,0
0.021294,0
0.00012914,0
0.0031333,0
-0.00144,0
-0.0054265,0
-0.0030556,0
-6.874e-05,0
0.0042669,0
0.0043623,0
-0.0024766,0
1.0279,0
1.026,0
1.0201,0
1.0128,0
1.0192,0
1.0252,0
1.0066,0
1.0175,0
1.0232,0
1.0191,0
-0.0055422,0
-0.002236,0
0.0023983,0
0.0037834,0
-0.0056547,0
0.0012013,0
-0.0072867,0
0.0019865,0
0.012098,0
0.0029953,0
1.0251,0
1.0265,0
1.0264,0
1.0279,0
1.0183,0
1.0297,0
1.0214,0
1.0269,0
1.0187,0
1.0256,0
1.0278,1
1.0047,1
1.0161,1
1.0244,1
1.0291,1
1.0209,1
1.0197,1
1.0254,1
1.022,1
1.0251,1
0.0055449,1
0.006208,1
0.014257,1
-0.0036133,1
-0.0064073,1
-0.0047814,1
0.0032907,1
0.0054057,1
-3.4375e-05,1
0.0018363,1
1.0156,1
1.0239,1
1.0227,1
1.0342,1
1.0195,1
1.0184,1
1.0223,1
1.0225,1
1.0341,1
1.0237,1
1.053e-05,1
0.0025201,1
-0.003638,1
-0.00083452,1
0.0076059,1
-0.0015872,1
0.011837,1
0.00080013,1
-0.0051213,1
-0.0057537,1
1.025,1
1.0167,1
1.0266,1
1.0381,1
1.0232,1
1.0271,1
1.0166,1
1.0246,1
1.0294,1
1.0207,1
0.0071777,1
-0.0013574,1
-0.017639,1
0.0060194,1
0.0078447,1
0.0052737,1
-0.00653,1
-0.013526,1
-0.0012468,1
0.0045969,1
1.0248,1
1.0163,1
1.0188,1
1.0158,1
1.0221,1
1.0105,1
1.0308,1
1.0268,1
1.0289,1
1.017,1
0.0070559,1
0.00072082,1
-0.0082612,1
-0.0022172,1
-0.00084934,1
0.0066693,1
-0.0021551,1
0.01437,1
-0.0004566,1
-0.0086695,1
1.021,1
1.0265,1
1.0339,1
1.0173,1
1.0297,1
1.0388,1
1.0223,1
1.0248,1
1.0208,1
1.0112,1
0.007155,1
2.7405e-05,1
-0.0090713,1
0.0070219,1
-0.0065685,1
-0.0083295,1
-0.0039486,1
0.010367,1
-0.0082586,1
-0.0021021,1
-0.011018,0
-0.0057721,0
-0.0045358,0
0.0076922,0
-0.0001812,0
0.0047854,0
0.0019417,0
0.0019637,0
-0.00018004,0
0.0069663,0
1.0247,0
1.0294,0
1.0186,0
1.0276,0
1.0317,0
1.027,0
1.0152,0
1.026,0
1.0286,0
1.0226,0
1.0306,1
1.0284,1
1.0183,1
1.0298,1
1.015,1
1.0252,1
1.0215,1
1.0249,1
1.0232,1
1.027,1
-0.0030511,1
-0.0016037,1
0.00337,1
0.0059457,1
-0.0075052,1
-0.0079278,1
0.0034047,1
0.0042528,1
-0.0080342,1
0.006443,1
1.0179,1
1.0269,1
1.0288,1
1.03,1
1.0145,1
1.0222,1
1.0263,1
1.0238,1
1.0213,1
1.0212,1
-0.0071375,1
0.00023754,1
-0.0047527,1
-0.0046533,1
-0.0040701,1
0.0055621,1
-0.0020467,1
0.0021194,1
-0.0095782,1
-0.0075156,1
-0.002649,0
-0.0073113,0
0.010836,0
-0.0038904,0
0.0059641,0
0.0073375,0
-0.0029079,0
-0.00060908,0
-0.005935,0
-0.002743,0
1.0183,0
1.0241,0
1.0232,0
1.0193,0
1.0163,0
1.0129,0
1.0209,0
1.0158,0
1.0313,0
1.0236,0
1.0231,1
1.0239,1
1.0126,1
1.0189,1
1.0146,1
1.0317,1
1.0175,1
1.0263,1
1.0217,1
1.0271,1
0.000363,1
0.0011954,1
0.0033691,1
-0.0028345,1
-0.0092783,1
-0.0046125,1
-0.0011006,1
0.0053201,1
0.0021095,1
-0.0057076,1
1.0316,1
1.014,1
1.0265,1
1.0333,1
1.016,1
1.0403,1
1.0289,1
1.0203,1
1.01,1
1.027,1
0.011616,1
0.0010649,1
0.0075088,1
0.0015363,1
0.0074875,1
0.016643,1
0.0015647,1
0.0089207,1
-0.0030625,1
0.0051912,1
1.0197,1
1.0212,1
1.0148,1
1.0275,1
1.023,1
1.0299,1
1.0294,1
1.0246,1
1.0203,1
1.017,1
0.00047285,1
-0.0012199,1
-0.01171,1
0.0062979,1
-0.0082416,1
0.0013036,1
-0.0087555,1
-0.0028691,1
-0.0017168,1
0.0042426,1
1.0168,1
1.0152,1
1.0301,1
1.0231,1
1.0229,1
1.0289,1
1.0216,1
1.0137,1
1.0298,1
1.0106,1
-0.0037322,1
-0.0056921,1
-0.00052009,1
0.0029407,1
-0.004402,1
-0.0099942,1
-0.014846,1
-0.002555,1
0.0063728,1
0.0061228,1
1.0341,1
1.0277,1
1.0191,1
1.0256,1
1.0294,1
1.0383,1
1.019,1
1.0342,1
1.0131,1
1.0147,1
0.00014853,1
0.00036251,1
0.0031003,1
-0.00028817,1
-0.0027066,1
0.0033953,1
0.0036694,1
0.0091787,1
-0.0045978,1
-0.013431,1
-0.0020176,0
0.0002812,0
0.00054564,0
-0.013894,0
-0.0029665,0
0.00011186,0
0.004965,0
0.0048719,0
0.012174,0
0.0078038,0
1.0244,0
1.0267,0
1.0253,0
1.0289,0
1.0294,0
1.0197,0
1.0139,0
1.027,0
1.0191,0
1.032,0
-0.0066696,0
-0.0091875,0
0.0017617,0
0.0059149,0
0.0024059,0
-0.00049228,0
-0.0056499,0
-0.003754,0
-0.0044689,0
-0.001347,0
1.0236,0
1.0333,0
1.0284,0
1.0291,0
1.0354,0
1.0254,0
1.0389,0
1.016,0
1.0292,0
1.0222,0
-0.0034084,0
0.0085954,0
-0.014514,0
-0.0026143,0
0.0016489,0
-0.0077003,0
0.0022745,0
-0.0057752,0
-0.003056,0
0.00032422,0
1.0215,0
1.0238,0
1.0268,0
1.0176,0
1.0404,0
1.0268,0
1.024,0
1.0267,0
1.0234,0
1.0143,0
-0.0024262,0
0.0046977,0
-0.0066835,0
-0.0047504,0
0.013233,0
-0.001782,0
-0.00086142,0
-0.0021917,0
0.00032168,0
0.0045722,0
1.0357,0
1.0284,0
1.021,0
1.0225,0
1.026,0
1.0241,0
1.0244,0
1.0196,0
1.0215,0
1.0189,0
1.0108,1
1.0239,1
1.0169,1
1.0187,1
1.033,1
1.0323,1
1.0232,1
1.016,1
1.0273,1
1.0329,1
0.0075332,1
-0.0024024,1
-0.005773,1
0.013425,1
0.0033392,1
-0.0059555,1
-0.0070185,1
0.0037228,1
0.0030887,1
-0.0079695,1
0.0057694,0
4.6992e-05,0
-0.0095658,0
-0.0047526,0
0.013087,0
-0.0073497,0
-0.017317,0
0.014004,0
-0.0021177,0
0.0047794,0
1.0166,0
1.0201,0
1.0234,0
1.0288,0
1.026,0
1.0215,0
1.0356,0
1.0182,0
1.0208,0
1.031,0
-5.2617e-05,0
-0.0029285,0
0.00077429,0
-0.0053464,0
0.011177,0
0.0035092,0
0.0049095,0
0.0057994,0
0.0057596,0
0.0044371,0
1.0086,0
1.0297,0
1.0211,0
1.0246,0
1.0155,0
1.0169,0
1.0328,0
1.0228,0
1.0334,0
1.0243,0
-0.0077146,0
-0.0006356,0
0.0010466,0
1.5085e-05,0
0.0042676,0
-0.006512,0
0.0019912,0
-0.0065462,0
0.00086522,0
0.011118,0
1.0274,0
1.0191,0
1.0369,0
1.0217,0
1.0126,0
1.0183,0
1.0268,0
1.0165,0
1.0251,0
1.0256,0
0.01057,0
0.0084411,0
0.0010438,0
-0.0083815,0
-0.001186,0
0.0022134,0
-0.0067866,0
-0.0017675,0
0.0028237,0
0.0068003,0
1.0234,0
1.0223,0
1.0209,0
1.0219,0
1,0
1.0232,0
1.0135,0
1.0239,0
1.028,0
1.0204,0
-0.0010147,0
0.0024489,0
0.005898,0
0.010142,0
0.0064555,0
-0.013733,0
0.0025229,0
-0.0055224,0
-0.0010099,0
-0.011532,0
1.03,0
1.0255,0
1.0233,0
1.0266,0
1.0261,0
1.0257,0
1.026,0
1.0234,0
1.0209,0
1.0279,0
0.0038103,0
0.01094,0
0.0069512,0
0.00015072,0
0.010025,0
-0.0059832,0
0.0012598,0
-0.0050551,0
-0.011994,0
0.0056366,0
1.0281,0
1.0153,0
1.0242,0
1.0276,0
1.0346,0
1.0159,0
1.0307,0
1.0318,0
1.011,0
1.0209,0
1.0205,1
1.0256,1
1.0203,1
1.025,1
1.0265,1
1.0169,1
1.023,1
1.0368,1
1.0172,1
1.0218,1
-0.0015956,1
0.0017261,1
0.0041303,1
-0.0057916,1
-0.0089499,1
-0.0061873,1
0.0058503,1
-0.00070775,1
-0.0088619,1
-0.0048791,1
-0.0010093,0
-0.00483,0
-0.0016988,0
-0.0021256,0
0.016859,0
0.0038832,0
0.0027107,0
-0.0045195,0
0.0022558,0
-0.0042418,0
1.0335,0
1.0276,0
1.0295,0
1.0158,0
1.0227,0
1.0093,0
1.0259,0
1.0255,0
1.0207,0
1.0238,0
-0.0057092,0
0.0097192,0
0.0067499,0
0.0057093,0
0.0025779,0
0.0057216,0
-0.00068608,0
-0.0081009,0
0.012882,0
-0.013149,0
1.0328,0
1.0179,0
1.0141,0
1.0119,0
1.0314,0
1.0181,0
1.0163,0
1.0261,0
1.0256,0
1.0314,0
1.0385,1
1.0125,1
1.0223,1
1.0246,1
1.0219,1
1.0246,1
1.0377,1
1.0287,1
1.0181,1
1.0185,1
0.0040182,1
0.0032411,1
0.00076956,1
0.0027388,1
0.010941,1
-0.014487,1
0.0082182,1
0.0025027,1
-0.0101,1
-0.0079232,1
1.0202,1
1.0287,1
1.022,1
1.0282,1
1.0236,1
1.0204,1
1.0169,1
1.0371,1
1.0266,1
1.025,1
0.0022831,1
-0.0063061,1
0.0021814,1
0.0027819,1
-0.0025503,1
-0.011987,1
0.0070678,1
0.0049213,1
0.0010434,1
0.0075549,1
0.0067982,0
0.00093971,0
0.011642,0
0.0073246,0
0.00052857,0
0.00987,0
0.0048751,0
0.017318,0
-0.0058524,0
0.0019789,0
1.0184,0
1.0263,0
1.0245,0
1.0237,0
1.0258,0
1.0245,0
1.0279,0
1.0315,0
1.0209,0
1.0178,0
-0.0095562,0
-0.0029125,0
-0.011022,0
-0.0086596,0
-0.00094516,0
0.0023959,0
-0.013674,0
-0.0049313,0
0.019604,0
-0.0067925,0
1.0241,0
1.0202,0
1.0241,0
1.0152,0
1.0303,0
1.0259,0
1.0232,0
1.0221,0
1.0356,0
1.0254,0
-0.0038143,0
-0.0071079,0
-0.0017667,0
0.0048842,0
-0.0087003,0
0.0064895,0
0.0050642,0
-0.0050398,0
0.0091433,0
-0.0018928,0
1.0263,0
1.0278,0
1.0347,0
1.0397,0
1.0208,0
1.0144,0
1.0341,0
1.0292,0
1.0235,0
1.0265,0
-0.014006,0
-0.007788,0
-0.0045629,0
0.009719,0
-0.010876,0
0.0036508,0
0.015755,0
0.012217,0
0.00091961,0
0.0026824,0
1.0361,0
1.0239,0
1.0191,0
1.0218,0
1.0261,0
1.0233,0
1.0299,0
1.0232,0
1.0202,0
1.0211,0
1.0373,1
1.0189,1
1.026,1
1.0315,1
1.0187,1
1.0334,1
1.0354,1
1.0265,1
1.0189,1
1.0421,1
0.004028,1
0.0020489,1
0.0085267,1
-0.00277,1
-0.0031312,1
0.014242,1
0.0049162,1
0.0072099,1
-0.0098102,1
-0.00537,1
-0.0018745,0
-0.0049011,0
0.0024142,0
-0.0014376,0
-0.00027464,0
0.0064731,0
0.0033022,0
-0.0055809,0
-0.0023043,0
-0.007477,0
1.0258,0
1.0311,0
1.0136,0
1.0216,0
1.0241,0
1.0146,0
1.0193,0
1.0298,0
1.0266,0
1.0189,0
1.025,1
1.0232,1
1.0152,1
1.0236,1
1.0214,1
1.0272,1
1.0354,1
1.0242,1
1.0337,1
1.0196,1
-0.0065866,1
0.0074627,1
-0.00078183,1
-0.0037704,1
0.01278,1
-0.0015587,1
0.0006428,1
0.0032261,1
-0.0033828,1
-0.0025518,1
1.0332,1
1.0239,1
1.0219,1
1.0237,1
1.0302,1
1.0241,1
1.0302,1
1.0209,1
1.0153,1
1.0361,1
-0.0022939,1
-0.0047947,1
2.1854e-05,1
0.00342,1
0.0047219,1
-0.00046416,1
0.0014782,1
0.011096,1
-0.00080131,1
-0.005806,1
5.8698e-08,0
-0.0011473,0
0.0030334,0
0.0047975,0
0.010262,0
-0.0070523,0
-0.002348,0
-0.00079226,0
0.011007,0
0.0049249,0
1.0197,0
1.0303,0
1.0302,0
1.0196,0
1.0254,0
1.0299,0
1.028,0
1.0282,0
1.0194,0
1.0139,0
0.0032121,0
0.0049642,0
-0.0022096,0
-0.00095371,0
-0.010225,0
0.0083113,0
-0.0025577,0
0.0035833,0
-0.0055535,0
0.0057695,0
1.0265,0
1.0212,0
1.0248,0
1.0271,0
1.0163,0
1.0182,0
1.0353,0
1.0155,0
1.0415,0
1.0271,0
7.1746e-06,0
0.0035216,0
0.010782,0
-0.014154,0
-0.0014264,0
-0.0037094,0
-0.0056952,0
0.00024284,0
-0.0026469,0
0.0054298,0
1.0217,0
1.0105,0
1.0269,0
1.021,0
1.0212,0
1.0218,0
1.0254,0
1.0371,0
1.0237,0
1.0305,0
-0.0056945,0
0.0023528,0
0.001589,0
0.014923,0
0.001822,0
0.0012642,0
0.0018152,0
0.0052577,0
-0.012339,0
-0.0016941,0
1.0234,0
1.0249,0
1.0226,0
1.0096,0
1.0145,0
1.0269,0
1.0262,0
1.0341,0
1.032,0
1.0151,0
0.00044401,0
-0.0025875,0
0.0047338,0
0.0057457,0
-0.0033597,0
-0.0072794,0
-0.0038826,0
0.0026387,0
-0.0018548,0
-0.0010271,0
1.0374,0
1.0324,0
1.02,0
1.0344,0
1.0389,0
1.0277,0
1.0222,0
1.029,0
1.0304,0
1.0257,0
1.024,1
1.0315,1
1.0289,1
1.0238,1
1.0215,1
1.0365,1
1.0236,1
1.0311,1
1.026,1
1.0226,1
-0.0016895,1
0.00060806,1
0.0097222,1
-0.014226,1
-0.0076373,1
0.0071319,1
0.0080344,1
-0.0058543,1
-0.0024639,1
-0.0052597,1
0.0047805,0
-0.0022906,0
-0.00038588,0
-0.0037436,0
0.0048329,0
-0.0032143,0
0.0043899,0
-0.0018359,0
-0.00062225,0
-0.011117,0
1.0242,0
1.0212,0
1.0277,0
1.0304,0
1.0208,0
1.0162,0
1.0332,0
1.0378,0
1.0175,0
1.0302,0
0.010092,0
-0.0068515,0
-0.0027854,0
-0.0078591,0
-0.00011847,0
0.0012807,0
-0.0024808,0
0.01124,0
-0.0058094,0
0.0081578,0
1.0251,0
1.0101,0
1.0196,0
1.0241,0
1.0272,0
1.0148,0
1.0212,0
1.0301,0
1.0316,0
1.0416,0
1.0247,1
1.0287,1
1.0285,1
1.027,1
1.0184,1
1.0324,1
1.0194,1
1.0166,1
1.0244,1
1.0293,1
0.0058064,1
-0.005202,1
0.0054976,1
0.0048873,1
-0.00064162,1
-0.0068998,1
0.0016794,1
-0.01086,1
0.0004766,1
-0.00088451,1
0.0068979,0
0.010833,0
-0.005557,0
0.0041331,0
0.0080045,0
0.0015193,0
-0.00017959,0
-0.0021694,0
-0.0031173,0
0.0019534,0
1.0294,0
1.0224,0
1.0266,0
1.0247,0
1.0205,0
1.0327,0
1.0298,0
1.0198,0
1.0269,0
1.0196,0
1.0107,1
1.0231,1
1.0153,1
1.0247,1
1.0284,1
1.0241,1
1.0319,1
1.0353,1
1.0145,1
1.0212,1
0.0047379,1
-0.00098215,1
0.0085369,1
-0.0036298,1
-0.0030937,1
0.0055056,1
-0.006961,1
0.0038342,1
0.0041449,1
6.6541e-05,1
1.0323,1
1.0222,1
1.0277,1
1.0355,1
1.033,1
1.0271,1
1.0312,1
1.0149,1
1.0236,1
1.0334,1
0.0024686,1
0.0099649,1
-0.0052228,1
0.0016041,1
0.0042017,1
-0.0004061,1
0.00073269,1
-0.004471,1
-0.011175,1
0.0034956,1
0.0037715,0
-0.0076048,0
-0.0016239,0
-0.0026203,0
0.0057759,0
-0.0012851,0
-0.0055579,0
0.0029221,0
-0.0013152,0
0.0091469,0
1.0209,0
1.0313,0
1.0197,0
1.024,0
1.0201,0
1.0315,0
1.0216,0
1.0253,0
1.0217,0
1.0213,0
1.0313,1
1.0335,1
1.032,1
1.0274,1
1.023,1
1.0311,1
1.0254,1
1.0214,1
1.0346,1
1.0345,1
0.0071088,1
-0.0052634,1
0.0060668,1
0.0035236,1
0.0053307,1
0.0022384,1
0.012082,1
0.00062256,1
-0.0071408,1
0.0022285,1
0.002988,0
0.0078335,0
-0.0088153,0
-0.0033925,0
-0.012802,0
-0.014176,0
0.0053331,0
0.0033003,0
-0.003386,0
-0.0064226,0
1.0303,0
1.0257,0
1.0222,0
1.0185,0
1.0191,0
1.0153,0
1.0376,0
1.0296,0
1.02,0
1.0276,0
-0.0012797,0
0.0087815,0
0.0025089,0
-0.004701,0
0.0046619,0
-0.00029629,0
0.011749,0
0.0040053,0
-0.011491,0
-0.0056774,0
1.0306,0
1.0298,0
1.0249,0
1.0256,0
1.0274,0
1.0256,0
1.0225,0
1.0284,0
1.0189,0
1.0255,0
1.0373,1
1.0217,1
1.0255,1
1.0324,1
1.0145,1
1.0346,1
1.0263,1
1.0151,1
1.0256,1
1.0119,1
-0.0076957,1
0.0083377,1
-0.0042104,1
-0.017187,1
-0.0056739,1
-0.00059179,1
0.0023535,1
0.0030811,1
-0.019223,1
-0.0008373,1
1.0382,1
1.0359,1
1.0246,1
1.0298,1
1.0364,1
1.0267,1
1.0265,1
1.025,1
1.0271,1
1.027,1
0.0072899,1
-0.00097381,1
-0.0084195,1
-0.011744,1
0.010673,1
0.0051255,1
0.014141,1
-0.0071341,1
0.0014339,1
-0.0042198,1
1.0255,1
1.0258,1
1.0228,1
1.0347,1
1.0234,1
1.0279,1
1.0251,1
1.0323,1
1.0177,1
1.0256,1
-0.0074557,1
0.0071614,1
-0.0009163,1
-0.0039406,1
-0.0027006,1
-0.0076414,1
0.0061526,1
0.0016856,1
-0.0023793,1
0.0052336,1
0.0048121,0
-0.012781,0
-0.0050309,0
-0.0017569,0
-0.0016122,0
-0.0060342,0
-0.0071892,0
0.0094944,0
-0.003602,0
-0.0009142,0
1.0189,0
1.0282,0
1.0258,0
1.0253,0
1.0215,0
1.0389,0
1.0375,0
1.0283,0
1.0258,0
1.0318,0
0.010135,0
-0.0014983,0
0.003076,0
0.0017958,0
0.0029286,0
0.0081195,0
0.0070453,0
-0.0087818,0
0.002631,0
-0.001107,0
1.0288,0
1.0305,0
1.0327,0
1.0107,0
1.0253,0
1.0266,0
1.0347,0
1.0352,0
1.0323,0
1.0251,0
1.0281,1
1.0292,1
1.0282,1
1.0253,1
1.0354,1
1.0308,1
1.0274,1
1.0272,1
1.0291,1
1.0322,1
0.017719,1
0.0002589,1
0.0016472,1
0.0017778,1
0.0051227,1
0.0045486,1
-0.0044626,1
-0.0070296,1
0.0016269,1
0.013313,1
1.0142,1
1.0239,1
1.0392,1
1.0308,1
1.0315,1
1.0261,1
1.0362,1
1.0207,1
1.0392,1
1.0262,1
0.0022056,1
-0.0067863,1
-0.00075897,1
0.0011922,1
0.0021792,1
-0.0012505,1
-0.012868,1
-0.0029094,1
0.01328,1
-0.00066796,1
0.00055501,0
-0.0017522,0
-0.00081526,0
-0.0033882,0
0.0015556,0
-0.0037047,0
-0.010765,0
0.0082635,0
-0.0089915,0
0.0027797,0
1.0133,0
1.0268,0
1.027,0
1.0236,0
1.0341,0
1.0272,0
1.0345,0
1.0352,0
1.0372,0
1.0261,0
-0.0098358,0
-0.0030842,0
-0.0035632,0
0.0073641,0
0.0033824,0
0.015204,0
-0.0026602,0
-0.017233,0
0.0012605,0
0.0035748,0
1.0363,0
1.0365,0
1.0371,0
1.0197,0
1.0263,0
1.0355,0
1.0315,0
1.0326,0
1.0299,0
1.0325,0
1.0271,1
1.0356,1
1.026,1
1.0273,1
1.0263,1
1.0238,1
1.0392,1
1.0228,1
1.0345,1
1.0212,1
-0.0013596,1
0.013298,1
0.0055349,1
-0.0095436,1
-0.0021997,1
0.0079607,1
-0.0094438,1
0.0082425,1
0.0098725,1
-0.0029556,1
-0.0022112,0
-0.0014373,0
0.0068643,0
-0.0028079,0
-0.0068162,0
-0.01428,0
-0.0054924,0
0.0096211,0
0.0047735,0
-0.001313,0
1.0336,0
1.0241,0
1.0273,0
1.0326,0
1.0286,0
1.0246,0
1.0312,0
1.0308,0
1.0138,0
1.0286,0
1.0278,1
1.0203,1
1.0261,1
1.0178,1
1.0346,1
1.0243,1
1.0181,1
1.0301,1
1.0238,1
1.0161,1
-0.0012682,1
0.00021669,1
-0.0045155,1
-0.010099,1
0.0093013,1
-0.0018793,1
0.011452,1
0.0002268,1
0.0079595,1
0.0064155,1
1.0237,1
1.0348,1
1.0226,1
1.0271,1
1.0426,1
1.0279,1
1.0325,1
1.0219,1
1.0416,1
1.0264,1
0.0003673,1
0.00089303,1
-0.005511,1
0.0063989,1
0.0024434,1
0.00099415,1
-0.0024041,1
-0.013977,1
-0.0070683,1
-0.00062155,1
1.0268,1
1.0369,1
1.0348,1
1.0165,1
1.0324,1
1.0378,1
1.031,1
1.0211,1
1.025,1
1.0208,1
-0.0067422,1
0.003983,1
-0.0012881,1
-0.004438,1
-0.0011772,1
-0.0032918,1
-0.0028711,1
-0.012118,1
0.0033462,1
-0.0058859,1
-0.0014409,0
-0.0079744,0
0.0045423,0
0.01413,0
0.0037166,0
-0.0021502,0
-0.0042551,0
-0.018101,0
0.00059403,0
0.0083013,0
1.0275,0
1.0253,0
1.0314,0
1.0347,0
1.0323,0
1.038,0
1.0274,0
1.0128,0
1.0397,0
1.0332,0
-0.00394,0
-0.0075221,0
0.006458,0
-0.0081385,0
0.0084974,0
0.0037919,0
-0.011898,0
0.0068721,0
0.0095415,0
-0.0016117,0
1.0328,0
1.0221,0
1.0219,0
1.0341,0
1.0311,0
1.0412,0
1.0279,0
1.0364,0
1.0362,0
1.0223,0
-0.0031634,0
0.000353,0
0.011401,0
-0.0023019,0
-0.0076481,0
0.006601,0
0.0079662,0
-0.0044305,0
0.005316,0
0.0011988,0
1.0329,0
1.0306,0
1.0368,0
1.0229,0
1.0328,0
1.0201,0
1.0283,0
1.0375,0
1.0256,0
1.0246,0
1.0318,1
1.0241,1
1.0129,1
1.0221,1
1.028,1
1.0364,1
1.0208,1
1.0384,1
1.0249,1
1.0208,1
-0.014421,1
-0.0052847,1
-0.00010911,1
-0.0059534,1
-0.0050175,1
0.0014317,1
-0.00041317,1
-0.0037002,1
0.0091973,1
6.8635e-06,1
-0.01185,0
-0.00080989,0
-0.0083101,0
-5.0154e-05,0
0.0068592,0
-0.014953,0
0.0015858,0
0.0085454,0
-0.0034995,0
-0.00061931,0
1.0189,0
1.0112,0
1.0335,0
1.0266,0
1.0235,0
1.0421,0
1.0369,0
1.0293,0
1.0258,0
1.0309,0
1.0237,1
1.0302,1
1.0355,1
1.0309,1
1.0255,1
1.022,1
1.0396,1
1.0334,1
1.0256,1
1.0296,1
-0.0020202,1
-0.0017477,1
0.003783,1
-0.0046733,1
-0.0029973,1
0.00047235,1
0.0044821,1
0.0045099,1
-0.0073385,1
0.0039851,1
0.0050216,0
-0.0049922,0
-0.0024266,0
0.012881,0
0.0041531,0
0.010476,0
0.0062736,0
-0.005661,0
0.018473,0
0.0048277,0
1.0254,0
1.0342,0
1.0285,0
1.0292,0
1.0248,0
1.0287,0
1.0371,0
1.0344,0
1.0296,0
1.0236,0
1.0029,1
1.0419,1
1.0306,1
1.0303,1
1.0117,1
1.0202,1
1.0197,1
1.0263,1
1.0301,1
1.0249,1
0.001732,1
0.0011116,1
0.0015115,1
0.0055413,1
0.0019577,1
-0.0017555,1
-0.00070836,1
0.0047026,1
0.0051556,1
-0.0062223,1
0.003401,0
0.013737,0
0.0034525,0
-0.010206,0
0.00062304,0
0.0040043,0
0.00046892,0
-0.0024625,0
0.011302,0
-0.00031745,0
1.027,0
1.0296,0
1.039,0
1.026,0
1.0319,0
1.0319,0
1.038,0
1.031,0
1.0271,0
1.0354,0
1.0345,1
1.0317,1
1.0428,1
1.0249,1
1.0253,1
1.0273,1
1.0228,1
1.0364,1
1.0269,1
1.0276,1
0.0059332,1
-0.0029443,1
-0.011785,1
-0.0039508,1
-0.008712,1
0.001863,1
-0.01051,1
0.0069323,1
0.0021638,1
0.0050377,1
1.021,1
1.0243,1
1.0177,1
1.0321,1
1.031,1
1.0316,1
1.0183,1
1.0421,1
1.0181,1
1.0197,1
0.00087807,1
0.0070749,1
0.0089272,1
-0.00088235,1
0.0032043,1
-0.0036607,1
-6.4105e-05,1
0.011713,1
-0.0011356,1
0.0046686,1
1.0367,1
1.0284,1
1.0297,1
1.0251,1
1.0309,1
1.0311,1
1.0233,1
1.029,1
1.0382,1
1.039,1
0.003256,1
-0.0031604,1
-0.0023188,1
-0.0068012,1
0.00020398,1
-0.0030975,1
-0.0023543,1
0.0064523,1
0.010417,1
0.0014689,1
1.0186,1
1.0335,1
1.0293,1
1.0289,1
1.0277,1
1.0309,1
1.029,1
1.0297,1
1.0375,1
1.028,1
0.0059892,1
0.006297,1
0.0011502,1
-0.01167,1
-0.0050584,1
-0.00047913,1
-0.0060342,1
-0.011343,1
0.0028788,1
-0.0079566,1
-0.0068213,0
-0.0074593,0
-0.00045614,0
0.002698,0
-0.0068223,0
-0.0016459,0
-0.0044425,0
-0.0018591,0
0.010636,0
-0.0079139,0
1.0326,0
1.0222,0
1.0253,0
1.0344,0
1.0376,0
1.0269,0
1.029,0
1.0146,0
1.0292,0
1.0306,0
1.0314,1
1.031,1
1.0336,1
1.036,1
1.033,1
1.0317,1
1.0335,1
1.0299,1
1.0247,1
1.0283,1
0.0055224,1
-0.0098571,1
-0.005515,1
-0.0033525,1
-0.0088512,1
0.0066809,1
0.0034108,1
-0.0025741,1
0.0037748,1
-0.005913,1
-0.01268,0
-0.0020062,0
0.012663,0
-0.0032114,0
-0.01074,0
-0.0071659,0
-0.0090577,0
0.0028337,0
-0.010684,0
-0.00453,0
1.0238,0
1.0257,0
1.0337,0
1.0292,0
1.0214,0
1.0343,0
1.0255,0
1.0342,0
1.0293,0
1.0319,0
-0.012261,0
-0.00012055,0
0.0015214,0
0.0020118,0
-0.0085129,0
-0.0070177,0
-0.0016872,0
0.0054497,0
-0.0076522,0
-0.0019871,0
1.0197,0
1.0381,0
1.0204,0
1.0371,0
1.0265,0
1.0299,0
1.028,0
1.0315,0
1.0392,0
1.0345,0
1.019,1
1.0235,1
1.0334,1
1.0423,1
1.0226,1
1.0327,1
1.0215,1
1.0332,1
1.0206,1
1.0208,1
-0.0043972,1
-0.0028804,1
-0.0056513,1
0.0016617,1
-0.0043456,1
0.0077352,1
-0.004174,1
-0.010475,1
0.0055392,1
-0.0052771,1
1.0358,1
1.0396,1
1.0409,1
1.0156,1
1.0312,1
1.0371,1
1.0253,1
1.034,1
1.0379,1
1.0337,1
0.0063001,1
-0.00034926,1
0.0069748,1
0.0025613,1
-0.0045915,1
0.010844,1
0.011508,1
0.01044,1
-0.0070752,1
0.0029595,1
-0.00068537,0
-0.0028641,0
-0.0052409,0
0.0034832,0
0.0056176,0
-0.0080484,0
0.0081899,0
0.00095945,0
-0.0033649,0
0.0036404,0
1.0206,0
1.0232,0
1.0314,0
1.0265,0
1.0337,0
1.0322,0
1.0357,0
1.0297,0
1.0307,0
1.0336,0
1.0308,1
1.0212,1
1.0305,1
1.0319,1
1.0243,1
1.0353,1
1.0293,1
1.0348,1
1.0354,1
1.0388,1
0.002121,1
-0.00080504,1
-0.0091172,1
-0.003875,1
0.0032638,1
0.010493,1
-0.0066154,1
-0.0097618,1
0.012392,1
0.0026452,1
1.0332,1
1.0187,1
1.0274,1
1.0329,1
1.0225,1
1.0379,1
1.0361,1
1.0366,1
1.0326,1
1.0215,1
-0.0041845,1
0.0011944,1
0.010811,1
0.0018343,1
-0.0030382,1
-0.0020191,1
-0.0056394,1
-0.00071655,1
-0.007826,1
0.010345,1
1.0238,1
1.024,1
1.0312,1
1.0358,1
1.0315,1
1.0437,1
1.0283,1
1.0251,1
1.0282,1
1.0224,1
-0.0036132,1
-0.0018259,1
-0.010934,1
0.0021237,1
0.0056371,1
0.0004949,1
0.00014697,1
-0.0027205,1
-0.0037374,1
0.0071017,1
1.0258,1
1.0229,1
1.022,1
1.0147,1
1.0242,1
1.0256,1
1.0366,1
1.0263,1
1.036,1
1.0302,1
0.0020983,1
-0.0090473,1
0.011768,1
-0.0025683,1
0.00081461,1
-0.0053262,1
-0.0049515,1
-0.0054074,1
0.0068149,1
0.0034124,1
1.0186,1
1.032,1
1.0294,1
1.0301,1
1.0298,1
1.0257,1
1.0408,1
1.0259,1
1.0134,1
1.0287,1
-0.0048239,1
-0.0088992,1
-0.0060199,1
0.003483,1
-0.0014091,1
0.0050884,1
-0.0022733,1
0.0050013,1
-0.0039009,1
0.0020036,1
1.0244,1
1.026,1
1.0365,1
1.0323,1
1.0331,1
1.0368,1
1.0278,1
1.0352,1
1.0204,1
1.0318,1
-0.00067969,1
0.0044823,1
-0.0070882,1
0.0020968,1
-0.01497,1
0.0031146,1
-0.0090543,1
0.001575,1
-0.0028326,1
-0.0010189,1
0.00018149,0
0.0065761,0
-0.0038797,0
-0.0037969,0
-0.0031621,0
-0.00024108,0
0.00048397,0
-0.00035369,0
0.0047294,0
0.0028438,0
1.0241,0
1.0258,0
1.0284,0
1.0186,0
1.0351,0
1.0328,0
1.0479,0
1.04,0
1.0415,0
1.0295,0
0.0011437,0
0.012562,0
0.00012631,0
0.002812,0
-0.0070452,0
-0.0050417,0
0.0068223,0
-0.0020097,0
-0.0055349,0
-0.010583,0
1.0249,0
1.0329,0
1.031,0
1.0417,0
1.0246,0
1.025,0
1.0307,0
1.0252,0
1.0266,0
1.0298,0
1.0361,1
1.0226,1
1.0377,1
1.0411,1
1.0241,1
1.0295,1
1.0329,1
1.0382,1
1.0334,1
1.0198,1
-0.0075285,1
0.010259,1
-0.0035356,1
-0.016286,1
0.0035926,1
-0.0072274,1
0.0053783,1
0.0010449,1
-0.0031519,1
0.0035012,1
0.0037885,0
-0.0030721,0
0.00045566,0
-0.0046298,0
0.0075259,0
-0.0034556,0
-0.0034705,0
-0.0032494,0
0.0028367,0
-0.0015355,0
1.0361,0
1.0385,0
1.0476,0
1.0181,0
1.0306,0
1.0382,0
1.0156,0
1.0238,0
1.0324,0
1.028,0
0.0031416,0
-0.0093933,0
0.0057969,0
0.0022083,0
0.0041928,0
-0.0067002,0
0.00018759,0
0.0056797,0
0.0014501,0
0.011599,0
1.0371,0
1.0216,0
1.031,0
1.0225,0
1.03,0
1.0302,0
1.0341,0
1.0285,0
1.0305,0
1.0281,0
-0.0085973,0
0.014274,0
-0.0091055,0
0.0063605,0
0.0059382,0
-0.0012223,0
-0.0067158,0
-0.012647,0
0.0018091,0
-0.014648,0
1.0226,0
1.0389,0
1.0297,0
1.0288,0
1.0407,0
1.0296,0
1.032,0
1.0423,0
1.0275,0
1.0365,0
1.0286,1
1.0364,1
1.0347,1
1.028,1
1.0369,1
1.0324,1
1.0307,1
1.0208,1
1.0228,1
1.0301,1
-0.00032907,1
-0.011996,1
0.00072276,1
0.00022915,1
-0.00026281,1
-0.0069143,1
-0.0012324,1
0.010339,1
-0.00090772,1
-0.0011461,1
1.0449,1
1.0332,1
1.0228,1
1.0414,1
1.042,1
1.0347,1
1.0327,1
1.0417,1
1.0372,1
1.0374,1
-0.00097138,1
-0.0028906,1
0.0060951,1
-0.010269,1
0.0010526,1
-0.006544,1
0.014944,1
-0.0083149,1
0.005419,1
0.0098553,1
1.0343,1
1.0171,1
1.0359,1
1.0364,1
1.0301,1
1.0289,1
1.031,1
1.0314,1
1.0348,1
1.0364,1
-0.004502,1
0.0030162,1
-0.0012754,1
-0.0041981,1
-0.0080805,1
-0.0086149,1
0.0036925,1
0.0051493,1
-0.0029724,1
0.0022574,1
0.0029009,0
0.0021564,0
0.0038213,0
0.0041979,0
-0.006081,0
-0.00097632,0
0.0074866,0
0.0049709,0
0.00051189,0
0.0029958,0
1.0286,0
1.0251,0
1.0309,0
1.0296,0
1.0257,0
1.0324,0
1.0334,0
1.022,0
1.0342,0
1.0317,0
0.0053954,0
