0.013284,0
0.0045073,0
-0.0071038,0
-0.00096512,0
0.010925,0
-0.0089168,0
-0.0066298,0
-0.003569,0
-0.00029758,0
-0.0023411,0
0.0053883,0
-0.0008487,0
1.2582,0
1.2643,0
1.2569,0
1.2587,0
1.2491,0
1.2607,0
1.2638,0
0.010564,0
-0.014187,1
0.0031042,1
1.2481,1
1.2602,1
1.2486,1
1.2459,1
1.254,1
1.2411,1
1.2596,1
0.0064117,1
0.00013508,1
-0.0044671,1
0.0032904,1
0.0092759,1
0.0036937,1
-0.011193,1
-0.00047086,1
-0.0073504,1
0.0063437,1
0.010677,1
-0.015107,0
-0.0043702,0
-0.0025901,0
0.0040817,0
0.00031805,0
-0.0037498,0
-0.0016326,0
-0.0076596,0
-0.0038857,0
-0.010069,0
-0.0047591,0
-0.0030182,0
1.2497,0
1.2509,0
1.2553,0
1.265,0
1.2491,0
1.2551,0
1.2567,0
0.0031748,0
0.018232,0
-0.01238,0
0.00097057,0
0.00099002,0
0.0034041,0
0.0034836,0
-0.0039758,0
0.0034303,0
0.0035821,0
0.014316,0
0.0052689,0
0.0057956,0
1.2541,0
1.2568,0
1.2596,0
1.2569,0
1.2596,0
1.2649,0
1.2666,0
-0.0031717,0
0.0055558,0
0.0074177,0
0.010419,0
-0.0067325,0
-0.0022871,0
0.0058358,0
-0.00033118,0
-0.0008014,0
-0.0054715,0
0.0071518,0
-0.01112,0
0.0047118,0
1.2604,0
1.2665,0
1.2636,0
1.2496,0
1.2562,0
1.2672,0
1.2569,0
0.0064959,0
-0.0052476,0
0.013606,0
0.0034981,0
-0.0042229,0
-7.9226e-05,0
-0.0076053,0
0.0054226,0
-0.0011926,0
0.0034882,0
-0.0026298,0
0.0026886,0
-0.00053923,0
1.2612,0
1.2661,0
1.2568,0
1.2602,0
1.2498,0
1.2481,0
1.2468,0
0.014058,0
0.0038401,0
0.013341,0
-0.00018443,0
-0.0013304,0
0.0034303,0
-0.0090933,0
-0.00045063,0
-0.0043087,0
-0.00050938,0
0.0090126,0
0.0018095,0
0.0011194,0
1.2635,0
1.25,0
1.2653,0
1.2571,0
1.2563,0
1.2524,0
1.2617,0
-0.010267,0
0.013899,0
-0.0046162,0
-0.001202,0
0.015388,0
-0.0010103,0
0.0023846,0
-0.0097684,0
0.0087292,0
-0.0048237,0
-0.0045613,0
-0.018114,0
9.6241e-05,0
1.262,0
1.2644,0
1.2503,0
1.2636,0
1.2579,0
1.2592,0
1.2626,0
0.00046907,0
0.0026312,0
-0.0065195,0
-0.0066298,0
0.006935,0
-0.0018176,0
-0.0050226,0
0.012854,0
0.0042322,0
0.0054944,0
0.0053738,0
0.009865,0
-0.0054946,0
1.2618,0
1.2431,0
1.2587,0
1.2494,0
1.2672,0
1.2648,0
1.2554,0
0.0040444,0
-0.0113,1
0.0019928,1
1.2467,1
1.2475,1
1.2615,1
1.2663,1
1.2484,1
1.2567,1
1.2576,1
-0.0037913,1
0.0015976,1
0.0014671,1
-0.012,1
0.0039564,1
0.0031053,1
1.7863e-05,1
0.012665,1
0.0073558,1
0.0038128,1
0.0078351,1
-0.001737,0
-0.0024684,0
0.013013,0
0.004955,0
0.0041875,0
0.006261,0
0.0035994,0
-0.0046279,0
0.0033359,0
-0.001925,0
0.0030356,0
-0.004839,0
1.2603,0
1.2564,0
1.2555,0
1.2473,0
1.2545,0
1.2606,0
1.2484,0
0.0019542,0
0.0070433,1
-0.0041533,1
1.2672,1
1.257,1
1.2626,1
1.2628,1
1.2507,1
1.2626,1
1.2484,1
-0.00083129,1
0.0018209,1
0.012398,1
-0.012987,1
0.0029176,1
-0.0029627,1
0.0052705,1
-0.0098329,1
-0.0023362,1
0.0035482,1
-0.0065308,1
-0.0052383,0
-0.0016943,0
0.013857,0
0.00061137,0
0.0019071,0
0.0014072,0
0.008144,0
0.0033077,0
0.0012337,0
-0.0047299,0
0.0075092,0
0.00051654,0
1.269,0
1.2495,0
1.2544,0
1.255,0
1.2555,0
1.2605,0
1.2616,0
0.0038823,0
-0.013551,1
0.0075542,1
1.2604,1
1.263,1
1.2449,1
1.2494,1
1.2533,1
1.2642,1
1.2642,1
0.0073742,1
-0.007653,1
-0.0057174,1
-0.0010544,1
0.0048091,1
0.0068539,1
0.0097122,1
-0.0028533,1
-0.0043826,1
0.0016984,1
-0.0022999,1
-0.0071485,0
0.0039143,0
0.0042641,0
0.0063364,0
-0.0062664,0
0.0028168,0
0.0035154,0
0.0050143,0
-0.0010766,0
0.0027746,0
-0.0036082,0
0.005293,0
1.2726,0
1.254,0
1.263,0
1.2511,0
1.2479,0
1.2635,0
1.2664,0
-0.0090527,0
0.0031305,1
0.00090113,1
1.2603,1
1.261,1
1.2574,1
1.2605,1
1.249,1
1.2636,1
1.251,1
0.011171,1
-0.0068131,1
-0.0012658,1
-0.0051,1
0.002316,1
-0.016916,1
-0.0072224,1
-0.0099419,1
-0.0067244,1
0.0031318,1
0.0016959,1
-0.0016731,0
0.0066376,0
-0.0082903,0
-4.5243e-05,0
-0.004859,0
-0.0076997,0
0.0024846,0
-0.0030616,0
-0.0083873,0
0.0031809,0
-0.0047865,0
0.0032281,0
1.2636,0
1.248,0
1.2521,0
1.2551,0
1.2546,0
1.2581,0
1.2619,0
-3.4382e-05,0
-0.0053832,1
-0.0039507,1
1.2576,1
1.2562,1
1.2497,1
1.2646,1
1.2553,1
1.2713,1
1.2669,1
0.0028202,1
-0.004385,1
0.0084694,1
0.00091245,1
0.0048493,1
-0.0026714,1
-0.0029752,1
0.0056745,1
0.0051499,1
-0.0096405,1
-0.004721,1
0.012238,0
-0.0005809,0
0.0048818,0
0.0039123,0
0.00748,0
-0.017573,0
0.0050248,0
0.012568,0
0.015404,0
0.010737,0
-0.0041068,0
0.0079299,0
1.2602,0
1.2637,0
1.2657,0
1.2525,0
1.2521,0
1.2511,0
1.2672,0
-0.011217,0
0.0024694,0
-0.014904,0
0.0066734,0
-0.0010916,0
-0.0038027,0
-0.0075561,0
-0.0054182,0
-0.0025244,0
-0.0029362,0
0.004593,0
-0.0023266,0
0.0065593,0
1.2575,0
1.2633,0
1.2613,0
1.2469,0
1.2568,0
1.2634,0
1.2572,0
0.0036334,0
-0.014571,1
-0.00693,1
1.2608,1
1.2529,1
1.2618,1
1.2568,1
1.2523,1
1.2589,1
1.2664,1
-0.0012504,1
-0.0012243,1
0.0094155,1
0.011224,1
-0.012538,1
-0.0012973,1
0.0023414,1
0.0022399,1
-0.0068951,1
-0.0072889,1
0.00017797,1
0.00064986,1
-0.0070077,1
1.2583,1
1.2674,1
1.2686,1
1.2546,1
1.2511,1
1.2613,1
1.2626,1
-0.00046225,1
-0.0054911,1
-0.0024108,1
0.0033497,1
-0.01376,1
0.0096994,1
0.0037582,1
0.0017144,1
-0.0061235,1
-0.00038145,1
-0.0025608,1
0.00227,0
0.0046952,0
0.0029872,0
0.011013,0
0.00057155,0
0.00061638,0
-0.0062561,0
0.0046499,0
0.010052,0
0.0030929,0
7.403e-05,0
0.00023247,0
1.2711,0
1.265,0
1.2586,0
1.2546,0
1.2601,0
1.2635,0
1.2581,0
-0.007226,0
-0.0043718,1
-0.0022677,1
1.2598,1
1.2611,1
1.263,1
1.2571,1
1.2591,1
1.2695,1
1.2598,1
0.00089653,1
-0.0081077,1
-0.0048337,1
-0.0021923,1
-0.0089564,1
0.011211,1
-0.0027767,1
-0.016008,1
0.012704,1
0.0054378,1
0.012288,1
0.0032544,1
-0.0066529,1
1.2601,1
1.238,1
1.2716,1
1.2624,1
1.2442,1
1.2627,1
1.258,1
0.0010587,1
0.0060113,1
-0.0086748,1
-0.00097133,1
0.0076791,1
0.0045997,1
-0.00092982,1
-0.0074554,1
-0.0028472,1
-0.0047913,1
0.0028135,1
0.010261,1
-0.0042342,1
1.2597,1
1.2537,1
1.2721,1
1.2513,1
1.2622,1
1.2429,1
1.2579,1
0.0021261,1
0.013068,1
-0.0052944,1
-0.0034128,1
-0.002937,1
-0.0055829,1
0.0037385,1
0.0083978,1
0.0012693,1
-0.0032604,1
-0.010375,1
-0.0043832,0
0.0058155,0
0.0014466,0
-0.0066551,0
0.013233,0
0.0016088,0
0.0029532,0
0.010526,0
-3.2618e-05,0
0.0057292,0
-0.0062793,0
-0.0039024,0
1.2681,0
1.2475,0
1.2551,0
1.2564,0
1.25,0
1.2558,0
1.2684,0
-0.01472,0
0.013222,0
0.012963,0
-0.0077835,0
-0.002726,0
-0.0081244,0
0.0050836,0
-0.00036633,0
-0.004649,0
-0.0039816,0
-0.0029584,0
0.015716,0
0.00015046,0
1.2681,0
1.2512,0
1.2666,0
1.255,0
1.2509,0
1.2647,0
1.2624,0
0.0061017,0
0.007593,0
-0.0036859,0
-0.0089477,0
-9.8988e-05,0
-0.0036981,0
0.0011341,0
0.001989,0
-0.0032396,0
0.0047113,0
0.004919,0
0.0038004,0
0.0060408,0
1.2544,0
1.2529,0
1.2509,0
1.2596,0
1.2585,0
1.2559,0
1.2669,0
0.0036019,0
0.0020509,1
0.0025736,1
1.2656,1
1.263,1
1.2632,1
1.2537,1
1.2451,1
1.2513,1
1.2697,1
-0.0031263,1
-0.0062042,1
-0.0046523,1
0.013678,1
0.0096664,1
-0.0094948,1
-0.0021151,1
-0.0037288,1
0.012485,1
0.0024221,1
0.0096773,1
0.0053103,0
-0.0048206,0
0.0028557,0
-0.00083008,0
0.00045113,0
0.0046666,0
-0.0022605,0
-1.785e-05,0
0.0056978,0
0.0019912,0
-0.00010648,0
0.0082315,0
1.2696,0
1.2561,0
1.2603,0
1.2549,0
1.2528,0
1.2527,0
1.2568,0
-0.0060925,0
-0.0009908,0
-0.0056792,0
-0.0065017,0
0.013597,0
0.0044306,0
-0.015566,0
0.0009935,0
-0.012501,0
0.0004678,0
-7.7429e-05,0
0.0063352,0
0.0033828,0
1.2487,0
1.2523,0
1.2689,0
1.2561,0
1.2658,0
1.2656,0
1.2575,0
-0.0018729,0
-0.0034246,1
0.0031123,1
1.2602,1
1.2629,1
1.2678,1
1.255,1
1.2673,1
1.255,1
1.2684,1
0.0060243,1
-0.0080524,1
-0.017698,1
-0.0029664,1
0.0025311,1
0.005781,1
-0.0028831,1
-0.0070498,1
-0.0017744,1
0.0036876,1
-0.00021121,1
-0.0036082,1
0.0023943,1
1.2573,1
1.2588,1
1.2465,1
1.2634,1
1.2566,1
1.2635,1
1.2607,1
-0.0075986,1
0.01782,1
0.0070027,1
0.0037224,1
-0.009213,1
-0.0096261,1
0.0055983,1
0.0061288,1
-0.012276,1
0.00078972,1
-0.0062689,1
-0.012756,1
-0.00029321,1
1.2757,1
1.2557,1
1.2557,1
1.252,1
1.2558,1
1.2662,1
1.2459,1
-0.0047964,1
0.0029768,1
0.0037477,1
0.002658,1
0.0041406,1
-0.0012847,1
-0.0036429,1
0.0048999,1
-0.0069366,1
0.010679,1
-0.0055713,1
-0.0020886,0
0.014408,0
-0.0068418,0
-0.011949,0
0.00057955,0
0.0013266,0
-0.0039742,0
-0.0045474,0
0.0049944,0
-0.017203,0
-0.0011754,0
0.0042441,0
1.2622,0
1.278,0
1.2605,0
1.2506,0
1.2558,0
1.2687,0
1.2678,0
9.9638e-05,0
-0.0028537,1
-0.0018516,1
1.2585,1
1.2548,1
1.2541,1
1.2699,1
1.2508,1
1.2605,1
1.2701,1
-0.0019156,1
0.0038843,1
0.0045327,1
0.0036069,1
0.013053,1
0.0014406,1
-0.0097091,1
0.0041245,1
-0.0067429,1
0.00051006,1
0.00067541,1
0.006931,1
-0.00082811,1
1.2557,1
1.2542,1
1.2653,1
1.2716,1
1.2563,1
1.2749,1
1.2618,1
0.0080565,1
-0.0026773,1
-0.0020778,1
0.0039695,1
-0.0060285,1
-0.0074754,1
-0.0068438,1
-0.0041875,1
-0.017105,1
-0.0010878,1
-0.0013404,1
-0.025022,0
0.012424,0
-0.012364,0
-0.0026504,0
0.011096,0
-0.0082559,0
0.0027718,0
-0.0099772,0
0.0024789,0
-0.0046073,0
0.0042318,0
-0.0025726,0
1.2652,0
1.2651,0
1.254,0
1.2484,0
1.2559,0
1.2566,0
1.2512,0
0.0050562,0
0.0028258,1
0.00050328,1
1.2587,1
1.2576,1
1.2607,1
1.2557,1
1.2691,1
1.2604,1
1.2522,1
-4.6658e-05,1
-0.0059766,1
0.0020168,1
-0.0083157,1
0.0087089,1
-0.0076721,1
-0.0045703,1
0.0014358,1
0.008916,1
-0.0024065,1
0.0029514,1
-0.00015306,1
-0.0037778,1
1.2579,1
1.2558,1
1.252,1
1.2468,1
1.2553,1
1.2579,1
1.2564,1
0.0055141,1
-0.0043526,1
-0.013255,1
-0.0024872,1
-0.0040841,1
0.003378,1
-0.011226,1
0.0057591,1
-0.0026276,1
-0.01368,1
0.0038152,1
-0.01265,1
-0.0049243,1
1.2592,1
1.2501,1
1.2625,1
1.2492,1
1.2563,1
1.2579,1
1.2597,1
0.0086792,1
0.0041395,1
-0.0066833,1
0.0033802,1
-0.0062326,1
-0.0067315,1
0.011451,1
0.0036,1
-0.0018097,1
-0.004067,1
0.0068514,1
-0.0030588,0
0.01114,0
-0.0016493,0
0.0030748,0
-0.0046459,0
-0.004156,0
-0.0023196,0
0.0049162,0
-0.0030643,0
0.0018871,0
-0.0048567,0
-0.015243,0
1.2602,0
1.2764,0
1.2577,0
1.2598,0
1.2622,0
1.2631,0
1.259,0
0.0027829,0
-0.0015128,1
0.0024399,1
1.2643,1
1.2621,1
1.2704,1
1.2604,1
1.2606,1
1.2638,1
1.2605,1
0.001811,1
0.002144,1
0.016491,1
0.0052785,1
-0.001472,1
0.00040717,1
0.00077638,1
0.0049714,1
0.0029603,1
-0.00066476,1
0.0048011,1
-0.0042582,0
-0.0020513,0
0.0073456,0
0.0091346,0
0.00034161,0
-0.0048834,0
-0.0053696,0
-0.00019867,0
-0.014275,0
-0.008691,0
-0.0059872,0
0.0014746,0
1.2706,0
1.2562,0
1.2513,0
1.2649,0
1.2547,0
1.2555,0
1.2617,0
-0.012213,0
0.007451,0
0.0098722,0
0.00074258,0
0.0055874,0
0.0097243,0
0.0010697,0
0.0055553,0
0.0065945,0
-0.0035346,0
0.014007,0
0.0010589,0
0.0024303,0
1.2587,0
1.2626,0
1.2639,0
1.2527,0
1.2607,0
1.2677,0
1.2693,0
0.0054303,0
-0.007135,1
-0.008736,1
1.2608,1
1.2571,1
1.2461,1
1.2468,1
1.2529,1
1.2679,1
1.2621,1
0.0042632,1
0.014508,1
0.012686,1
-0.0047529,1
-0.0043376,1
0.001588,1
-0.0055073,1
0.0015648,1
0.0076402,1
0.0068994,1
-0.016006,1
-0.006525,0
0.0097203,0
0.0023696,0
-0.00098504,0
0.00070204,0
0.0020575,0
0.0022373,0
-0.015652,0
-0.0083647,0
0.0097708,0
-0.01134,0
-0.00051127,0
1.2738,0
1.2673,0
1.2691,0
1.2534,0
1.2468,0
1.2598,0
1.2547,0
0.0065202,0
-0.011203,0
0.00032354,0
-0.0016369,0
-0.0031043,0
-0.0020146,0
-0.0039515,0
0.0044667,0
-0.016037,0
-0.01014,0
-0.017935,0
-0.018671,0
0.0089616,0
1.2634,0
1.2585,0
1.2677,0
1.2726,0
1.2743,0
1.264,0
1.2657,0
-0.01088,0
0.0016036,0
0.0084009,0
8.1779e-05,0
0.0027415,0
-0.0019881,0
6.5279e-05,0
0.0064006,0
0.0054217,0
0.0088531,0
0.004685,0
-0.0011145,0
-0.0072874,0
1.2533,0
1.2566,0
1.2659,0
1.2561,0
1.2559,0
1.2637,0
1.2675,0
-0.012451,0
0.0135,0
0.0043865,0
-0.0029586,0
0.0029048,0
-0.002105,0
0.0056594,0
-0.010876,0
-0.010372,0
-0.0030727,0
0.0073516,0
-0.012969,0
0.00033007,0
1.2657,0
1.2587,0
1.2642,0
1.2655,0
1.2611,0
1.2666,0
1.2707,0
0.006188,0
-0.0061065,1
-0.0073649,1
1.268,1
1.2609,1
1.2641,1
1.2659,1
1.2619,1
1.2692,1
1.2654,1
0.0051164,1
-0.0084113,1
0.0083406,1
0.0064532,1
-2.5124e-05,1
0.0072671,1
0.0071009,1
-0.0037415,1
-0.00050597,1
-0.0055108,1
-0.00014964,1
0.009692,0
-0.0004177,0
0.013941,0
-0.002125,0
0.0082639,0
0.011167,0
0.0035292,0
-0.0056731,0
0.010286,0
-0.0038796,0
-0.0076065,0
0.0092216,0
1.2661,0
1.2617,0
1.2574,0
1.2634,0
1.2585,0
1.2698,0
1.2746,0
-0.00046348,0
0.0031207,0
0.0083053,0
-0.0047318,0
0.0050547,0
-0.00040282,0
0.0017987,0
-0.0056982,0
-0.00094882,0
0.01116,0
0.011527,0
-0.0089884,0
0.010829,0
1.2633,0
1.271,0
1.261,0
1.2763,0
1.2682,0
1.2618,0
1.2553,0
-0.0023899,0
0.0058082,0
0.010151,0
0.0078618,0
-0.005796,0
-0.0066152,0
-0.011132,0
-0.0073216,0
-0.00075567,0
-0.00080908,0
0.009031,0
0.0041702,0
-0.0053219,0
1.2677,0
1.2781,0
1.2612,0
1.2569,0
1.2483,0
1.2694,0
1.2672,0
-0.0079671,0
0.0030957,0
0.007113,0
0.0014485,0
0.008916,0
0.0018436,0
0.0070884,0
-0.005048,0
-9.3742e-05,0
-0.00026101,0
-0.0013143,0
-0.00013372,0
-0.0031593,0
1.2508,0
1.2586,0
1.2628,0
1.2606,0
1.2634,0
1.2636,0
1.2513,0
0.00010171,0
-0.00069682,1
0.0011937,1
1.2723,1
1.2658,1
1.2615,1
1.2772,1
1.263,1
1.2652,1
1.2693,1
-0.0068573,1
0.00040035,1
0.0021867,1
-0.0064948,1
0.0069752,1
-0.00074541,1
0.0031232,1
-0.0060026,1
0.0045453,1
0.0029215,1
-0.0050812,1
0.0035114,0
-0.0088551,0
0.0019097,0
0.018034,0
-0.00049559,0
-0.0078511,0
0.0019725,0
-0.0033441,0
0.008949,0
-0.0034379,0
-0.0052399,0
0.0063563,0
1.268,0
1.2545,0
1.2588,0
1.2549,0
1.2599,0
1.2646,0
1.2565,0
0.0045928,0
0.010343,1
-0.0093466,1
1.2534,1
1.2614,1
1.2586,1
1.2707,1
1.2541,1
1.2643,1
1.2544,1
-0.0012303,1
-0.004161,1
0.0038636,1
-0.0048155,1
0.0022295,1
-0.00082223,1
0.0010731,1
-0.0018311,1
0.0013199,1
-8.509e-05,1
0.003277,1
-0.00177,1
0.0018189,1
1.2637,1
1.2598,1
1.258,1
1.2654,1
1.2671,1
1.2615,1
1.2646,1
0.0027178,1
-0.0044165,1
0.0044522,1
-0.0084,1
0.0055287,1
-0.004556,1
0.010082,1
-0.00045246,1
-0.0086593,1
0.0023291,1
-0.0031793,1
-0.003497,0
-0.0035053,0
0.0028735,0
0.0029215,0
-0.00097127,0
0.0080968,0
-0.0061194,0
-0.0015316,0
0.0060945,0
0.0059211,0
0.012338,0
-0.0074675,0
1.261,0
1.2746,0
1.2672,0
1.2771,0
1.2591,0
1.2712,0
1.2558,0
-0.010085,0
-0.010045,0
-0.0012399,0
0.0086246,0
0.0042473,0
-0.0062341,0
0.0033318,0
0.0016559,0
0.0056567,0
-0.0015611,0
-0.0036016,0
-0.015095,0
0.0030591,0
1.262,0
1.2596,0
1.258,0
1.2667,0
1.2719,0
1.266,0
1.2661,0
0.0029514,0
0.0041924,1
0.0049054,1
1.2595,1
1.2672,1
1.2618,1
1.2605,1
1.263,1
1.2507,1
1.2665,1
-0.0006035,1
0.0018093,1
-0.0035617,1
0.0016407,1
-0.0051643,1
0.0087159,1
0.013483,1
-0.0048308,1
-0.0023388,1
0.0097475,1
-0.0010721,1
0.0031577,0
0.0039633,0
0.012493,0
0.0015949,0
-0.0083526,0
-0.0002379,0
-0.0079864,0
0.001497,0
0.0078867,0
-0.0011697,0
0.0013912,0
-0.0020423,0
1.2646,0
1.2643,0
1.2693,0
1.2582,0
1.2661,0
1.2594,0
1.252,0
-0.0049025,0
-0.004692,0
0.0038618,0
6.0655e-05,0
0.0029218,0
-0.0076129,0
0.001745,0
-0.0068287,0
0.0043902,0
0.001722,0
-0.0010469,0
-0.012088,0
-0.006321,0
1.2699,0
1.256,0
1.2661,0
1.2663,0
1.2635,0
1.2625,0
1.2612,0
0.0034187,0
-0.00051635,1
-0.0018588,1
1.2652,1
1.2655,1
1.2633,1
1.2649,1
1.2645,1
1.2613,1
1.2514,1
0.0023296,1
-0.0043344,1
-0.00022843,1
-0.0032072,1
0.0085055,1
0.001583,1
-0.0038719,1
0.0084604,1
-0.0013219,1
-0.00017819,1
0.00099742,1
0.0089794,1
0.006233,1
1.2635,1
1.2662,1
1.2651,1
1.2765,1
1.2682,1
1.2635,1
1.2597,1
0.0034209,1
-0.0015609,1
-0.0050918,1
0.0063809,1
0.0069467,1
-0.0020324,1
0.0060189,1
0.0022493,1
-0.0066747,1
0.0020053,1
-0.0041104,1
-0.0053017,1
0.0080814,1
1.2613,1
1.2645,1
1.2637,1
1.2699,1
1.2612,1
1.2574,1
1.2635,1
0.0017373,1
0.018538,1
-0.0017789,1
-0.012907,1
-0.00028863,1
0.0079305,1
0.0063097,1
0.0030806,1
-0.0010439,1
0.0034569,1
0.0014801,1
-0.0053281,1
0.0094931,1
1.2711,1
1.2607,1
1.2607,1
1.2581,1
1.2822,1
1.2725,1
1.2679,1
0.0059483,1
0.0048735,1
0.0027587,1
-0.0039618,1
-0.0025099,1
0.007112,1
-0.0023739,1
-0.00071115,1
0.00072644,1
-0.0088548,1
0.0056634,1
-0.0044457,1
-0.0019903,1
1.2681,1
1.2662,1
1.2709,1
1.2631,1
1.2665,1
1.2663,1
1.2656,1
-0.0019539,1
-0.0012579,1
0.0087816,1
-0.0071905,1
-0.0041223,1
0.0067828,1
0.0039282,1
0.0010275,1
-0.00058173,1
0.004108,1
-0.00044133,1
-0.00082878,1
0.0043753,1
1.2524,1
1.2685,1
1.2643,1
1.2614,1
1.258,1
1.2641,1
1.2546,1
-0.00071032,1
-0.0059623,1
-0.013012,1
-0.00097445,1
0.00067882,1
0.0046323,1
0.0041595,1
0.0028708,1
-0.00073755,1
0.0054922,1
-0.0020585,1
0.013122,0
-0.0023896,0
0.010656,0
0.00019911,0
0.007915,0
-0.00040722,0
0.0079767,0
0.0096924,0
-0.0046754,0
-0.0021313,0
-0.010359,0
0.003006,0
1.2603,0
1.2613,0
1.2571,0
1.2617,0
1.2683,0
1.2718,0
1.2673,0
-0.011705,0
-0.0012905,0
0.0066922,0
-0.0017648,0
0.003635,0
-0.0017659,0
0.0081838,0
0.0054809,0
-5.9244e-05,0
-0.011291,0
-0.0045333,0
0.011101,0
-0.0091117,0
1.2651,0
1.2667,0
1.2714,0
1.2679,0
1.2645,0
1.2643,0
1.252,0
-0.0010151,0
-0.0015344,1
-0.0015801,1
1.2605,1
1.2674,1
1.2575,1
1.259,1
1.2697,1
1.2654,1
1.2683,1
-0.0099524,1
-0.0054005,1
-0.0010585,1
-0.0042778,1
-0.0025294,1
0.00024602,1
0.022285,1
0.0090513,1
-0.0092155,1
0.0064983,1
0.0026909,1
-0.0055464,0
-0.0014965,0
0.0059633,0
0.012124,0
-0.0017475,0
-0.0028836,0
0.00069706,0
-0.0033378,0
-0.0041117,0
-0.0032796,0
-0.0021665,0
0.0065237,0
1.258,0
1.2629,0
1.2593,0
1.2632,0
1.2665,0
1.2649,0
1.2654,0
-0.010978,0
0.01067,0
0.010577,0
-8.2082e-05,0
0.0002394,0
0.0031639,0
0.0025714,0
0.0079404,0
0.010926,0
-0.0057341,0
0.00019472,0
-0.0081758,0
0.0054852,0
1.2761,0
1.2723,0
1.2642,0
1.2527,0
1.2544,0
1.2615,0
1.2604,0
0.0069249,0
0.010438,1
-0.0056477,1
1.2615,1
1.2658,1
1.2473,1
1.262,1
1.2735,1
1.2697,1
1.2627,1
-0.0078743,1
0.0087532,1
0.0016666,1
-0.0077708,1
-0.0026021,1
0.018486,1
-0.005329,1
-0.0037854,1
-0.0082405,1
0.0064849,1
0.0016525,1
0.0015208,0
-2.1503e-05,0
-0.0025918,0
0.0018037,0
0.013819,0
-0.0063382,0
0.0056795,0
0.015093,0
0.00056208,0
-0.0094858,0
0.0091778,0
7.0586e-05,0
1.2656,0
1.2662,0
1.2635,0
1.2661,0
1.2718,0
1.2538,0
1.2628,0
-0.0074949,0
0.0040979,1
-0.0086364,1
1.2895,1
1.2755,1
1.2701,1
1.2632,1
1.2749,1
1.2685,1
1.2621,1
-0.0021529,1
-0.0011457,1
0.012118,1
-0.0080534,1
0.0036146,1
0.00039226,1
0.0049697,1
-0.017847,1
0.0048898,1
0.0052516,1
0.0045053,1
-0.0049134,1
0.0036336,1
1.2803,1
1.272,1
1.2694,1
1.2591,1
1.263,1
1.2611,1
1.2641,1
0.0025664,1
-0.0016988,1
-0.0064218,1
-0.0023121,1
-0.0036728,1
0.005077,1
-0.010548,1
-0.0041284,1
-0.0028972,1
-0.001937,1
-0.011914,1
0.00089313,1
-0.0005101,1
1.2633,1
1.2663,1
1.26,1
1.2571,1
1.2664,1
1.2532,1
1.2765,1
0.0032361,1
0.0091107,1
-0.0086042,1
0.005422,1
-0.0028455,1
0.0050334,1
0.0063257,1
-0.0022939,1
0.013302,1
-0.0039882,1
0.006943,1
-0.0061189,1
0.0046222,1
1.2787,1
1.271,1
1.2663,1
1.2621,1
1.2624,1
1.2775,1
1.2651,1
0.0099157,1
0.0054795,1
0.0036589,1
-0.0076234,1
0.002614,1
0.0013761,1
0.0071539,1
-0.00077138,1
-0.0073857,1
-0.0058897,1
0.002814,1
-0.0052997,1
-0.0060349,1
1.2556,1
1.2686,1
1.2684,1
1.2701,1
1.2535,1
1.2727,1
1.2663,1
-0.006427,1
0.0013748,1
-0.0083269,1
-0.015329,1
0.0065195,1
0.0080504,1
0.0030531,1
-0.0044481,1
0.0026842,1
-0.0047778,1
0.0046526,1
-0.006015,0
-0.012202,0
0.0025967,0
-0.011236,0
0.0019799,0
-0.0039454,0
-0.0083635,0
0.0012348,0
-0.01408,0
-0.0083382,0
-0.0061281,0
0.00090908,0
1.2587,0
1.2645,0
1.2747,0
1.2674,0
1.2751,0
1.2742,0
1.2764,0
0.0059928,0
0.0084425,0
0.0023187,0
0.0018074,0
0.014243,0
0.00074727,0
0.0023821,0
0.0026311,0
0.0069749,0
0.0010969,0
0.0051486,0
0.0042346,0
0.0002846,0
1.2645,0
1.2594,0
1.2483,0
1.2687,0
1.2684,0
1.2601,0
1.2561,0
0.014934,0
0.0010384,1
-0.010232,1
1.2747,1
1.2643,1
1.2667,1
1.2613,1
1.2653,1
1.2619,1
1.2696,1
-0.00022186,1
0.019343,1
-0.00081114,1
-0.0017444,1
0.0012032,1
-0.0038531,1
-0.0030541,1
0.01067,1
-0.0092037,1
0.0023771,1
0.0011606,1
-0.0019497,0
-0.0028821,0
-0.0064634,0
0.0058118,0
-0.0062908,0
0.0052001,0
-0.0055088,0
0.00086402,0
-0.0027949,0
0.00040195,0
-0.016264,0
0.0041001,0
1.2717,0
1.2695,0
1.2784,0
1.2766,0
1.2776,0
1.2589,0
1.2651,0
-0.01397,0
0.0041128,1
-0.003417,1
1.2623,1
1.2736,1
1.2645,1
1.268,1
1.2583,1
1.2806,1
1.2736,1
-0.00243,1
-0.0044099,1
0.0047459,1
0.00041308,1
-0.0022969,1
0.00082133,1
0.0025734,1
-0.010364,1
-0.00098561,1
0.0043564,1
0.0040623,1
0.012282,1
-0.0013376,1
1.2711,1
1.258,1
1.2634,1
1.2597,1
1.2621,1
1.2557,1
1.2659,1
-0.004843,1
-0.0032859,1
-0.0085328,1
0.010723,1
-0.0050161,1
0.009773,1
-0.015927,1
0.0014577,1
0.014957,1
0.0018884,1
-0.0036019,1
-0.0025661,1
0.00086591,1
1.2612,1
1.2665,1
1.271,1
1.2688,1
1.2619,1
1.2682,1
1.2665,1
0.0089029,1
0.013439,1
-0.0010218,1
-0.013771,1
0.0050009,1
-4.4856e-05,1
-0.002051,1
-0.013642,1
0.0018917,1
0.0054497,1
0.0013646,1
0.0045736,0
-0.002393,0
-0.0045616,0
0.0042968,0
-0.0032381,0
0.0099548,0
0.0019405,0
-0.0031699,0
0.011091,0
0.0029356,0
-0.00047441,0
0.00029003,0
1.2613,0
1.2665,0
1.2697,0
1.2644,0
1.2632,0
1.2615,0
1.2682,0
0.00084547,0
0.0020612,1
-0.0057221,1
1.2705,1
1.2606,1
1.2729,1
1.2775,1
1.2589,1
1.2745,1
1.2754,1
0.0070333,1
0.003189,1
0.0043457,1
0.00074596,1
0.003732,1
0.001439,1
0.0081877,1
0.0061765,1
-0.014105,1
-0.0061314,1
0.0035159,1
-0.0039281,0
0.010086,0
-0.00079577,0
-0.0058476,0
0.0038493,0
-5.3245e-06,0
-0.0039897,0
0.0025269,0
-0.0015957,0
0.0012558,0
-0.0019463,0
0.0078259,0
1.2678,0
1.2616,0
1.2631,0
1.2673,0
1.271,0
1.261,0
1.2641,0
0.0098192,0
-0.0021464,1
0.0054255,1
1.2779,1
1.2682,1
1.2704,1
1.2574,1
1.259,1
1.272,1
1.2687,1
0.0015268,1
-0.00096386,1
0.0040909,1
0.010653,1
-0.014401,1
-0.0090776,1
0.0049187,1
-0.0065303,1
-0.007671,1
0.0054131,1
0.00044176,1
-0.0082266,0
-0.011546,0
0.0031029,0
-0.0083015,0
0.0012277,0
0.0072572,0
-0.003221,0
0.0062641,0
0.0079805,0
-0.014943,0
-0.0040836,0
-0.0012249,0
1.2682,0
1.268,0
1.2718,0
1.2576,0
1.2593,0
1.271,0
1.2619,0
-0.0058734,0
0.00039163,0
0.0014985,0
-0.0056453,0
0.0021542,0
0.0036942,0
-0.0088014,0
-0.008929,0
0.0019873,0
-0.0040658,0
0.0063708,0
0.0022762,0
0.0050583,0
1.2635,0
1.2706,0
1.2655,0
1.2737,0
1.2723,0
1.2674,0
1.2594,0
0.0040282,0
0.0019122,1
-0.0027155,1
1.2545,1
1.2621,1
1.2643,1
1.2685,1
1.267,1
1.2607,1
1.2693,1
-0.0078185,1
0.011565,1
0.00661,1
-0.001012,1
0.0047033,1
0.002357,1
-0.0032246,1
-0.0059831,1
0.0035151,1
0.0097225,1
0.0052279,1
0.00062883,1
-0.0080982,1
1.2747,1
1.281,1
1.2707,1
1.2766,1
1.259,1
1.2632,1
1.2639,1
0.023934,1
-0.0017847,1
0.00057508,1
-0.0033246,1
-0.00077992,1
0.0023826,1
-0.0089115,1
0.0060304,1
0.01359,1
0.0031495,1
0.00064506,1
0.0032543,0
0.0028071,0
-0.00053401,0
-0.0018407,0
-0.0064403,0
0.0028123,0
0.0046581,0
-0.0053682,0
0.0095634,0
0.0028248,0
-0.00023806,0
0.01011,0
1.2667,0
1.2566,0
1.2615,0
1.257,0
1.2598,0
1.2892,0
1.2752,0
0.008294,0
0.017881,1
-0.0015992,1
1.2628,1
1.2654,1
1.2783,1
1.271,1
1.262,1
1.2796,1
1.2749,1
0.0052893,1
-0.010071,1
0.0019529,1
-0.006021,1
0.0075177,1
-0.0023572,1
-0.0055787,1
0.0072658,1
0.00081898,1
-0.00040869,1
-0.0028946,1
-0.01232,0
0.0022376,0
-0.0012456,0
0.0043206,0
-0.0008966,0
-0.0031095,0
-0.0016159,0
0.0082077,0
0.0097325,0
0.0058402,0
0.00099779,0
0.008673,0
1.2847,0
1.2673,0
1.2579,0
1.2746,0
1.2768,0
1.2569,0
1.2659,0
-0.0011594,0
0.0024727,1
-0.0027601,1
1.2644,1
1.2631,1
1.2724,1
1.2616,1
1.2756,1
1.2757,1
1.2785,1
0.0072875,1
-0.0030706,1
-0.0027951,1
-0.0011261,1
-0.0082527,1
-0.010394,1
-0.0014598,1
-0.0021431,1
0.0067625,1
0.02082,1
0.0058918,1
-0.0049048,1
0.010031,1
1.2625,1
1.2655,1
1.2767,1
1.2698,1
1.2782,1
1.2661,1
1.2728,1
0.0034966,1
0.0034642,1
0.005889,1
-0.0048259,1
-0.004088,1
-0.0046804,1
-0.0054865,1
0.0004585,1
-8.9338e-05,1
-0.005031,1
-0.0049976,1
0.0088168,0
-0.0076303,0
0.010196,0
0.0064817,0
-0.0009171,0
-0.0015298,0
0.004516,0
-0.0015424,0
0.0068482,0
0.0046243,0
0.0047996,0
-0.015718,0
1.2655,0
1.2704,0
1.2638,0
1.2672,0
1.2649,0
1.2565,0
1.2803,0
-0.00063192,0
-0.0079294,1
0.00020668,1
1.2711,1
1.2603,1
1.2707,1
1.273,1
1.2691,1
1.2567,1
1.2659,1
-0.0030615,1
-0.0024216,1
0.0065687,1
-0.0096234,1
-0.0048615,1
0.0020724,1
-0.010197,1
0.0021623,1
0.014629,1
0.0054092,1
-0.0093384,1
0.0065201,1
0.014238,1
1.2721,1
1.2754,1
1.2735,1
1.2642,1
1.27,1
1.2698,1
1.2571,1
0.0046257,1
0.006382,1
-0.0029911,1
0.0019286,1
-0.016472,1
0.0057991,1
0.0013323,1
0.011321,1
-0.012348,1
0.001374,1
-0.009445,1
-0.0024807,0
0.010181,0
-5.5779e-05,0
0.0013294,0
-0.0045868,0
-0.0036796,0
0.0034748,0
-0.0039539,0
0.0071681,0
-0.0036346,0
0.0051674,0
0.0023149,0
1.2691,0
1.2732,0
1.2586,0
1.2696,0
1.2767,0
1.258,0
1.2578,0
-0.00086948,0
0.00070611,1
-0.00083177,1
1.2683,1
1.2779,1
1.2705,1
1.264,1
1.2707,1
1.2622,1
1.2709,1
0.0041286,1
-0.0039707,1
-0.0078086,1
-0.00039488,1
0.00538,1
0.0061287,1
0.0035035,1
0.0043913,1
-0.0051166,1
0.0024291,1
-0.00024301,1
0.010627,1
-0.0025149,1
1.2752,1
1.2708,1
1.281,1
1.2666,1
1.2717,1
1.2703,1
1.2618,1
-0.00043656,1
0.0034815,1
-0.00056526,1
0.0082943,1
0.0096408,1
-0.0021479,1
-0.012053,1
-0.0048755,1
-0.0012264,1
-0.0013981,1
-0.0026292,1
-0.0086036,1
-0.011928,1
1.2746,1
1.2651,1
1.2696,1
1.2736,1
1.2738,1
1.2681,1
1.2709,1
0.0037036,1
-0.0071865,1
0.0071839,1
0.0017345,1
-0.002844,1
-0.0047636,1
-0.0067002,1
-0.0063104,1
0.0028596,1
0.0070664,1
0.00038502,1
0.006885,0
0.017779,0
0.0029722,0
-0.012167,0
-0.004797,0
-0.0050779,0
-0.010249,0
-0.0051848,0
0.0045468,0
0.0086871,0
0.0054573,0
-0.0077684,0
1.2738,0
1.2674,0
1.2632,0
1.2657,0
1.2687,0
1.2715,0
1.267,0
0.010924,0
0.0018457,0
-0.013935,0
0.014758,0
-0.0015632,0
0.003239,0
-0.0030367,0
-0.008208,0
0.00037566,0
0.0050094,0
0.0015715,0
0.0072309,0
-0.0054477,0
1.2617,0
1.2693,0
1.2591,0
1.2742,0
1.2692,0
1.2726,0
1.2621,0
0.0011832,0
-0.00082213,1
-0.0028369,1
1.2561,1
1.265,1
1.2714,1
1.2653,1
1.281,1
1.2511,1
1.2616,1
0.00085778,1
0.00082119,1
-0.0019371,1
-0.005643,1
0.0067183,1
-0.0032242,1
0.0052798,1
-0.00078869,1
-0.02053,1
0.0097991,1
0.0050177,1
-0.0034419,1
-0.001214,1
1.2804,1
1.2606,1
1.2669,1
1.2699,1
1.2712,1
1.2684,1
1.265,1
0.013012,1
0.00039467,1
0.00077545,1
-0.0063249,1
-0.009117,1
-0.00027525,1
0.011197,1
-0.0050872,1
-0.0063544,1
0.0063931,1
0.009578,1
0.0056987,0
0.0029241,0
-0.002084,0
0.0077879,0
-0.00665,0
-0.002061,0
0.00671,0
0.00096743,0
0.011982,0
0.0039847,0
0.0037324,0
-0.0016975,0
1.2712,0
1.2709,0
1.2708,0
1.2612,0
1.2639,0
1.2756,0
1.2689,0
0.0049432,0
-0.0049688,1
0.0024611,1
1.2665,1
1.26,1
1.2714,1
1.2732,1
1.2679,1
1.272,1
1.2727,1
-0.010917,1
0.010892,1
0.003702,1
0.0083482,1
-0.00047383,1
0.0050558,1
0.0097754,1
-0.0023214,1
-0.00050987,1
-0.012301,1
0.0093003,1
-0.002626,1
-0.0066415,1
1.2704,1
1.2688,1
1.276,1
1.2638,1
1.2661,1
1.2601,1
1.2649,1
-0.0065625,1
0.012345,1
0.00043628,1
-0.003655,1
0.0061611,1
-0.008021,1
-0.0056928,1
-0.0026329,1
-0.0069639,1
0.0019183,1
0.002465,1
-0.0033069,1
0.0078897,1
1.2673,1
1.2698,1
1.2683,1
1.264,1
1.2772,1
1.2681,1
1.2669,1
-0.0004965,1
-0.0020222,1
-0.00066779,1
-0.019373,1
0.0085862,1
0.012621,1
-0.015691,1
-0.013317,1
-0.015788,1
-0.0025973,1
0.010342,1
-0.000703,1
0.0088981,1
1.2697,1
1.2679,1
1.2777,1
1.2634,1
1.2677,1
1.2726,1
1.2714,1
0.0086324,1
-0.0027859,1
-0.0042257,1
-0.0036535,1
0.0021962,1
0.0035022,1
0.0017991,1
-0.0050143,1
0.0033968,1
-0.0012731,1
-0.0013933,1
-0.0012516,0
-0.010107,0
-0.0017182,0
0.0041299,0
-0.0095343,0
0.011305,0
-2.3832e-05,0
0.01057,0
0.01326,0
0.0074522,0
0.0045538,0
0.0073346,0
1.2745,0
1.2648,0
1.2655,0
1.2804,0
1.2748,0
1.2768,0
1.2686,0
8.857e-05,0
-0.00028373,0
0.0010398,0
-0.0066542,0
-0.0017804,0
-0.0074092,0
0.0037639,0
-0.0040309,0
-0.0030743,0
0.00099075,0
0.00144,0
0.013963,0
0.004074,0
1.283,0
1.2715,0
1.2742,0
1.267,0
1.2584,0
1.2731,0
1.2726,0
0.0066961,0
-0.0037021,0
0.0014668,0
0.007131,0
-0.0064174,0
-0.00075009,0
-0.0010771,0
-0.012165,0
0.010429,0
0.00064808,0
-0.013418,0
-0.0057987,0
-0.0054008,0
1.2784,0
1.2704,0
1.2718,0
1.2773,0
1.2481,0
1.26,0
1.2648,0
0.0037101,0
-0.014198,0
-0.0037668,0
-0.0018495,0
0.00043069,0
0.0006832,0
-0.0044313,0
-0.0079541,0
0.0090685,0
-0.0067558,0
0.010648,0
-0.0026295,0
-0.007102,0
1.2745,0
1.276,0
1.2685,0
1.261,0
1.2697,0
1.2731,0
1.2707,0
0.00081841,0
-0.0040775,0
0.001403,0
-0.00080243,0
0.00025943,0
-0.001809,0
0.0059062,0
-0.0040281,0
0.0027475,0
0.0010929,0
0.0037777,0
0.0037383,0
-0.0090644,0
1.272,0
1.2572,0
1.274,0
1.2749,0
1.2616,0
1.2725,0
1.269,0
0.0082938,0
-0.0010226,1
0.0017001,1
1.2664,1
1.2677,1
1.2709,1
1.2595,1
1.2792,1
1.2685,1
1.2764,1
-0.009948,1
-0.0064203,1
0.0065686,1
-0.0054504,1
-0.0089907,1
-0.0151,1
0.0037247,1
0.0072753,1
0.003837,1
0.0032545,1
0.0045159,1
0.0026978,1
0.0030034,1
1.2748,1
1.2636,1
1.2769,1
1.2674,1
1.2622,1
1.2742,1
1.2767,1
0.0045273,1
-0.00033627,1
0.0095275,1
-0.011687,1
-0.0013992,1
-0.0022188,1
-0.00034444,1
0.00019646,1
0.0055076,1
0.0043282,1
-0.010975,1
0.010228,1
-0.0032586,1
1.2628,1
1.2682,1
1.273,1
1.2666,1
1.2721,1
1.2704,1
1.2589,1
-0.014502,1
0.0022041,1
-0.00082993,1
0.0050236,1
0.0086256,1
-0.0017843,1
0.0038384,1
0.00066653,1
-0.0041185,1
-0.0033035,1
-0.0013962,1
-0.013112,1
0.011743,1
1.2643,1
1.2674,1
1.2758,1
1.2675,1
1.2744,1
1.2698,1
1.2675,1
0.01721,1
-0.0021421,1
0.0040836,1
-0.0058347,1
0.00066228,1
0.0030771,1
0.0019518,1
0.017402,1
-0.0053028,1
-0.0016761,1
0.0093552,1
0.0044392,0
0.0082948,0
-0.003212,0
0.00049233,0
-0.013523,0
0.00030463,0
-0.01395,0
-0.0056564,0
-0.0075109,0
-0.0098797,0
0.0015058,0
-0.012762,0
1.2725,0
1.2678,0
1.2472,0
1.2745,0
1.2668,0
1.2627,0
1.2756,0
0.0024601,0
0.00086349,0
-0.00071987,0
-0.002579,0
0.0019749,0
0.0063139,0
0.0023709,0
0.0014839,0
0.016251,0
0.0058909,0
0.0069302,0
0.012166,0
0.0053679,0
1.2684,0
1.2723,0
1.2629,0
1.2746,0
1.262,0
1.2667,0
1.2715,0
-0.0041011,0
0.0084961,1
0.0061169,1
1.2786,1
1.2797,1
1.2799,1
1.2733,1
1.2652,1
1.283,1
1.267,1
-0.00085189,1
-0.0046018,1
-0.0090033,1
-0.0044316,1
0.0040014,1
0.0053296,1
0.0046816,1
0.0080691,1
-0.004133,1
-0.0068706,1
-0.011217,1
-0.002661,1
0.0088297,1
1.2681,1
1.2832,1
1.2794,1
1.2611,1
1.2668,1
1.2821,1
1.2732,1
0.0001355,1
-0.0079607,1
-0.0055341,1
0.0084445,1
-0.0046257,1
0.0064657,1
-0.0076826,1
-0.00065544,1
0.00015616,1
0.0055228,1
0.0015974,1
0.0050568,1
-0.0074217,1
1.2762,1
1.2705,1
1.2795,1
1.2785,1
1.2717,1
1.2742,1
1.2707,1
-0.0017904,1
0.0077517,1
-0.010981,1
0.0078477,1
-0.00091385,1
-0.0026118,1
0.0025929,1
-0.0032307,1
0.0023544,1
-0.0053724,1
0.00099354,1
0.0036134,0
0.0094069,0
-0.0050419,0
-0.0042994,0
0.0038491,0
-0.0014151,0
-0.0012365,0
0.0036385,0
0.0048559,0
0.0033379,0
-0.0041942,0
6.774e-05,0
1.271,0
1.2665,0
1.2698,0
1.28,0
1.2688,0
1.2749,0
1.2709,0
0.016867,0
-0.0029762,1
-0.0068554,1
1.2684,1
1.2748,1
1.2839,1
1.2799,1
1.2736,1
1.2701,1
1.2841,1
0.0078467,1
-0.0018404,1
-0.0048269,1
0.0034329,1
0.0024612,1
0.0076369,1
-0.005664,1
0.0047399,1
0.0075176,1
0.00097393,1
-0.0068706,1
-0.010585,0
-0.0043445,0
0.0097524,0
0.00064052,0
0.013001,0
-0.0058988,0
-0.00060935,0
0.0088583,0
0.0069879,0
-0.012794,0
-0.020162,0
-0.0080908,0
1.2748,0
1.2762,0
1.279,0
1.2752,0
1.2772,0
1.2697,0
1.267,0
-0.0070806,0
0.011574,1
-0.00078161,1
1.2684,1
1.2674,1
1.2732,1
1.2701,1
1.2695,1
1.2761,1
1.2732,1
0.0021093,1
1.7983e-05,1
-0.0049102,1
-0.018086,1
0.012459,1
0.0031262,1
-0.0093414,1
0.0050014,1
-0.0037222,1
0.0065409,1
-0.0070601,1
-0.00079434,0
-0.0073211,0
-0.0095804,0
-0.004804,0
-0.0029126,0
-0.0023643,0
-0.0076638,0
-0.0020423,0
0.018306,0
0.0027617,0
0.0061863,0
0.0074801,0
1.2811,0
1.2733,0
1.2698,0
1.2738,0
1.2726,0
1.2793,0
1.2644,0
0.0060249,0
-0.0031072,1
0.0019064,1
1.272,1
1.2771,1
1.2719,1
1.264,1
1.2737,1
1.2742,1
1.2622,1
0.00043932,1
-0.0032524,1
0.001695,1
0.0067729,1
0.0064255,1
0.01458,1
-0.010148,1
-0.00061608,1
-0.0038113,1
-0.0039837,1
0.01096,1
-0.0042702,1
-0.0098382,1
1.26,1
1.2712,1
1.2566,1
1.2755,1
1.2568,1
1.2795,1
1.2703,1
-0.003786,1
-0.0035552,1
-0.0057863,1
-0.0051162,1
0.018395,1
-0.010544,1
-0.0015039,1
-0.0029147,1
0.0054491,1
0.0013826,1
-0.0025866,1
-0.0080215,1
0.010468,1
1.2702,1
1.2556,1
1.2772,1
1.2668,1
1.273,1
1.2806,1
1.2718,1
0.01038,1
0.0091334,1
0.014925,1
-0.0045875,1
-0.00611,1
0.012948,1
0.0010682,1
0.0044938,1
-0.0013086,1
-0.0019808,1
-0.0024781,1
0.0068763,0
0.0068204,0
0.0055675,0
0.0027931,0
0.00059589,0
0.0014098,0
0.0052657,0
-0.0027358,0
-4.5456e-06,0
-0.0030685,0
-0.00019746,0
0.0014253,0
1.2596,0
1.2709,0
1.2669,0
1.2724,0
1.2704,0
1.2645,0
1.265,0
0.018636,0
-0.010962,0
-0.016264,0
0.0025841,0
-0.0018067,0
0.0055154,0
0.0016703,0
0.0085563,0
-0.0056697,0
0.005014,0
-0.0053394,0
0.012477,0
0.0034492,0
1.2764,0
1.2757,0
1.2822,0
1.2699,0
1.2882,0
1.2698,0
1.2889,0
-0.001379,0
0.0054738,0
-0.00012868,0
0.0008405,0
-0.0066909,0
0.0042412,0
-0.0034002,0
0.001204,0
-0.0040162,0
-0.0033547,0
-8.8211e-05,0
-0.0091649,0
-0.0030917,0
1.2676,0
1.2651,0
1.2682,0
1.2702,0
1.2773,0
1.2677,0
1.2684,0
0.011576,0
0.0052291,0
-0.010395,0
0.011813,0
-0.0025765,0
-0.002163,0
-0.0039337,0
0.0065705,0
-0.0013282,0
0.018829,0
-8.0143e-05,0
0.011459,0
0.00021388,0
1.2738,0
1.2672,0
1.2812,0
1.2723,0
1.2846,0
1.2755,0
1.2679,0
0.0081974,0
0.0094793,0
-0.0042053,0
-0.00066125,0
0.0084857,0
0.0027139,0
0.0047804,0
0.00023695,0
-0.011023,0
0.0087785,0
0.014105,0
-0.00073721,0
-0.0010839,0
1.2693,0
1.2725,0
1.2819,0
1.2629,0
1.2904,0
1.2718,0
1.2643,0
-0.0017591,0
0.0039648,0
-0.0036871,0
-0.0045188,0
0.0053399,0
-0.0026097,0
-0.00034453,0
-0.013668,0
0.0093963,0
0.00027132,0
0.0085887,0
0.00042006,0
0.011863,0
1.2686,0
1.2834,0
1.2678,0
1.2778,0
1.2707,0
1.2731,0
1.2831,0
-0.00027796,0
-0.0013262,1
0.0025799,1
1.2769,1
1.2785,1
1.2651,1
1.2737,1
1.2788,1
1.2703,1
1.2723,1
-0.00242,1
-0.0011125,1
0.00092873,1
0.0047857,1
-0.00322,1
0.0039711,1
-0.0023518,1
-0.00046688,1
0.0074563,1
0.00086515,1
-0.0012491,1
0.00087372,1
0.0018399,1
1.273,1
1.2646,1
1.2594,1
1.2638,1
1.27,1
1.271,1
1.2813,1
0.0088768,1
-0.00086151,1
0.0078507,1
-0.0054041,1
-0.0048239,1
-0.0042202,1
-0.0046111,1
0.0043022,1
0.0030253,1
-0.00011364,1
-0.01388,1
0.0051835,0
-0.0089545,0
0.003564,0
0.01017,0
0.0038974,0
-0.0018263,0
-0.0025326,0
0.018155,0
0.0061827,0
-0.0011685,0
0.006048,0
-0.010007,0
1.2725,0
1.2782,0
1.2719,0
1.2723,0
1.2663,0
1.2768,0
1.2746,0
0.0046316,0
-0.0038771,0
-0.0076174,0
0.0052673,0
-0.010118,0
0.011022,0
0.0079749,0
-0.007149,0
0.0099232,0
-0.013938,0
0.0028419,0
0.0079685,0
-0.011054,0
1.2803,0
1.2637,0
1.2739,0
1.2582,0
1.2694,0
1.273,0
1.2905,0
0.010139,0
0.0050177,1
-0.0032818,1
1.2746,1
1.2731,1
1.2797,1
1.272,1
1.2722,1
1.2791,1
1.2677,1
-0.0016654,1
-0.011262,1
-0.0062839,1
0.0041814,1
-0.00010182,1
-0.0082932,1
0.0066574,1
0.0062111,1
-0.0062915,1
0.0093991,1
0.0059802,1
-0.0098397,1
-0.007556,1
1.2562,1
1.271,1
1.2813,1
1.275,1
1.2649,1
1.276,1
1.2778,1
0.0037515,1
-0.006948,1
-0.0061146,1
0.0067662,1
0.0046926,1
-0.0049182,1
-0.0028021,1
-0.0038051,1
-0.0076864,1
-0.0075028,1
-0.0033566,1
0.0011171,0
0.0046856,0
0.0024087,0
0.0035144,0
-0.00099971,0
-0.011395,0
-0.00091164,0
-0.005981,0
-0.0070504,0
0.0066195,0
-0.00020556,0
-0.0052449,0
1.2754,0
1.264,0
1.274,0
1.2676,0
1.2774,0
1.2709,0
1.2737,0
-0.0043395,0
-0.0052649,0
0.0061843,0
-0.016116,0
0.0011381,0
-0.0043747,0
-0.0058082,0
-0.010625,0
0.0012522,0
0.0063373,0
0.0031758,0
-0.011594,0
0.005001,0
1.2735,0
1.2644,0
1.2775,0
1.2753,0
1.2684,0
1.2923,0
1.276,0
0.0025022,0
-0.0090861,1
0.015501,1
1.2703,1
1.2672,1
1.2699,1
1.2764,1
1.2766,1
1.2804,1
1.2693,1
0.0022233,1
-0.0040939,1
-0.009573,1
-0.0021402,1
0.00046373,1
0.01264,1
0.0086019,1
0.0047756,1
0.0066711,1
-0.0028219,1
0.0025224,1
0.015107,0
-0.0020177,0
-0.0035347,0
0.0058398,0
0.0051421,0
-0.012639,0
-0.0015155,0
0.00058275,0
0.0058366,0
0.0029873,0
0.0024632,0
-0.014108,0
1.2701,0
1.272,0
1.2752,0
1.2815,0
1.2757,0
1.2793,0
1.2776,0
0.007363,0
-0.0011462,1
0.0041162,1
1.2623,1
1.2602,1
1.2745,1
1.2794,1
1.2632,1
1.2835,1
1.2694,1
-0.010589,1
-0.0017011,1
-0.0029111,1
0.017083,1
0.0078105,1
0.0057866,1
0.0038751,1
0.0029969,1
-0.0016124,1
0.0036984,1
0.0034816,1
-0.001561,1
-0.0047596,1
1.2726,1
1.2829,1
1.2916,1
1.2796,1
1.2753,1
1.2795,1
1.2701,1
0.0014852,1
0.0083663,1
0.0098367,1
0.0020728,1
-0.0010466,1
0.0015144,1
-0.0073356,1
0.0023352,1
-0.003569,1
0.007228,1
0.0017691,1
-0.004765,1
-0.004998,1
1.271,1
1.2737,1
1.2806,1
1.2699,1
1.2814,1
1.2764,1
1.2703,1
0.00053459,1
-0.0041008,1
-0.0063222,1
-0.0053228,1
0.0090812,1
-0.00010518,1
0.0075361,1
-0.002431,1
-0.00092959,1
-0.0071448,1
0.0036069,1
-0.0058285,0
-0.00031463,0
-0.0028699,0
-0.0009864,0
-0.0050946,0
-0.0012132,0
-0.00019966,0
-0.00024105,0
-2.1266e-05,0
-0.0029614,0
-0.0088819,0
0.0052611,0
1.2937,0
1.2695,0
1.2898,0
1.292,0
1.2691,0
1.2757,0
1.278,0
-0.00065263,0
-0.0081769,0
0.0019344,0
0.0041662,0
0.0016875,0
-0.009161,0
-0.0026312,0
0.0085259,0
0.0057254,0
-0.0059774,0
-0.0031053,0
-0.0028101,0
-0.0079195,0
1.2815,0
1.2688,0
1.272,0
1.2777,0
1.2679,0
1.2718,0
1.2693,0
0.016332,0
-0.0019463,1
-0.0069051,1
1.285,1
1.2631,1
1.2809,1
1.2699,1
1.2737,1
1.2707,1
1.2812,1
0.0032568,1
0.0025877,1
-0.003322,1
-0.0032315,1
0.0073061,1
0.0042995,1
-0.00074224,1
0.0019024,1
-0.0029375,1
0.0033749,1
0.0014821,1
0.0016332,1
0.011421,1
1.2824,1
1.2804,1
1.2821,1
1.274,1
1.2729,1
1.2682,1
1.2845,1
-0.0039378,1
-0.0089687,1
0.0040683,1
-0.0042443,1
-0.0021858,1
0.0070017,1
0.0018385,1
0.0009089,1
-0.0022565,1
-0.011878,1
-0.0069971,1
0.0023276,0
-0.005216,0
-0.0072953,0
-0.0039882,0
0.0069,0
0.00096717,0
0.0037811,0
0.0076077,0
-0.012038,0
0.0087404,0
-0.016781,0
0.0008212,0
1.2669,0
1.2795,0
1.279,0
1.2654,0
1.2749,0
1.28,0
1.267,0
-0.0042182,0
0.0075916,0
-0.0084845,0
-0.0026569,0
-0.0091674,0
-0.0064047,0
-0.00069857,0
-0.0034767,0
0.001674,0
-0.0051635,0
0.005604,0
-0.0027705,0
0.0060426,0
1.2752,0
1.2774,0
1.287,0
1.2842,0
1.2821,0
1.274,0
1.2782,0
0.0055432,0
0.0016897,0
-0.0060797,0
-0.0032672,0
-0.00066876,0
-0.0062952,0
0.010376,0
-0.0049052,0
0.0077347,0
0.0040681,0
0.00072684,0
0.012411,0
0.0035196,0
1.2657,0
1.2778,0
1.2662,0
1.2732,0
1.2906,0
1.2631,0
1.2761,0
0.008874,0
0.0019918,0
-0.0032755,0
-0.0020555,0
0.0041816,0
0.0010645,0
0.0005684,0
0.0047264,0
0.0054573,0
-0.010384,0
-0.0020034,0
-0.0041949,0
-0.00010402,0
1.2674,0
1.2704,0
1.2726,0
1.2822,0
1.2787,0
1.2783,0
1.2779,0
-0.0028111,0
-0.0035073,1
0.00039879,1
1.2743,1
1.2702,1
1.2689,1
1.2823,1
1.2728,1
1.2717,1
1.282,1
0.0021532,1
0.0059605,1
-0.0051458,1
-0.0011925,1
-0.0076172,1
-0.0055499,1
0.0065271,1
0.0070457,1
-0.00076796,1
0.0027113,1
-0.0090405,1
-0.0018388,1
0.0034655,1
1.2786,1
1.276,1
1.2738,1
1.2775,1
1.2793,1
1.2703,1
1.276,1
0.005618,1
0.0048647,1
-0.0056796,1
0.0050774,1
-0.0037884,1
-0.0060079,1
0.0047075,1
-0.0041907,1
0.0035608,1
-0.0026651,1
-0.0026649,1
0.001405,0
0.0040732,0
0.011999,0
-0.008704,0
0.0014179,0
-0.0022655,0
0.0024824,0
-0.0030923,0
0.0029518,0
0.0082277,0
-0.0056988,0
0.0065367,0
1.2822,0
1.2788,0
1.2763,0
1.2784,0
1.2641,0
1.2745,0
1.2748,0
0.0042182,0
-0.0015592,1
-0.00076537,1
1.28,1
1.2834,1
1.2763,1
1.2752,1
1.279,1
1.2687,1
1.2757,1
0.0080714,1
0.0039615,1
0.0085172,1
0.0062318,1
-0.0043826,1
0.0021181,1
-0.0062061,1
-0.011401,1
-0.0017276,1
-0.0038978,1
0.0019191,1
0.0068313,1
0.0036409,1
1.2864,1
1.2861,1
1.2762,1
1.2854,1
1.2789,1
1.2784,1
1.2738,1
-0.0065033,1
0.011266,1
0.0096882,1
0.0012151,1
0.0016463,1
0.0062672,1
-0.0021634,1
-0.0066422,1
0.0039697,1
-0.006876,1
-0.009702,1
-0.002721,0
0.0062394,0
0.0036271,0
8.2951e-05,0
-0.003166,0
0.0027606,0
-0.009895,0
0.0031403,0
0.0037202,0
0.0072641,0
0.0034856,0
-0.0030521,0
1.2756,0
1.2731,0
1.2867,0
1.2673,0
1.2681,0
1.2819,0
1.2811,0
-0.0050024,0
0.0073394,1
0.0026324,1
1.2696,1
1.2797,1
1.2678,1
1.2741,1
1.2712,1
1.2776,1
1.2644,1
-0.006835,1
-0.002607,1
-0.0039368,1
0.01049,1
0.00041921,1
-0.016211,1
-0.0084139,1
0.0073213,1
-0.00052012,1
-0.0040276,1
0.0090388,1
-0.0021172,1
0.0036449,1
1.2648,1
1.2756,1
1.2788,1
1.2738,1
1.2757,1
1.2698,1
1.2706,1
-0.0070448,1
0.0069823,1
0.0046042,1
-0.0013456,1
0.0077174,1
-0.0024586,1
-0.0043737,1
-0.0062677,1
0.0035986,1
-0.0081615,1
-0.0055748,1
-0.0006614,1
0.0046542,1
1.2841,1
1.2729,1
1.2734,1
1.2806,1
1.2738,1
1.2739,1
1.2684,1
-0.013802,1
0.0042654,1
0.0015223,1
-0.014156,1
0.0044032,1
0.0073428,1
0.01031,1
0.0070946,1
-0.0050257,1
-0.0016579,1
-0.010192,1
0.018196,0
0.0035856,0
0.010467,0
0.005898,0
-0.0046073,0
-0.012151,0
-0.010122,0
0.018746,0
0.0076892,0
0.0041199,0
-0.00027959,0
0.00038357,0
1.2943,0
1.2832,0
1.2793,0
1.2855,0
1.2711,0
1.276,0
1.2739,0
6.6687e-05,0
0.0066206,0
0.0013555,0
-0.0044709,0
-0.0014557,0
0.0016226,0
-0.00011982,0
-0.0050373,0
-0.00063387,0
-0.0092393,0
0.0030765,0
-0.0068664,0
0.013623,0
1.28,0
1.2773,0
1.2805,0
1.2757,0
1.2821,0
1.2887,0
1.2793,0
0.002818,0
0.0075427,0
0.0053263,0
0.0014365,0
0.01363,0
0.0050181,0
-0.0032431,0
0.011621,0
-0.0092381,0
0.012597,0
-0.0048368,0
0.0022739,0
0.0011572,0
1.2689,0
1.277,0
1.2772,0
1.2759,0
1.275,0
1.2788,0
1.2756,0
0.0034983,0
-0.002826,1
0.0052863,1
1.2675,1
1.2671,1
1.2699,1
1.2738,1
1.2871,1
1.2806,1
1.2718,1
0.002706,1
-0.0058743,1
-0.0046974,1
0.00091493,1
-0.0063791,1
0.0021062,1
-0.0098622,1
0.0095185,1
-0.0068463,1
0.0029721,1
0.0056344,1
0.0034426,0
0.00038101,0
0.0089399,0
-0.0067795,0
0.0058132,0
-0.0036229,0
-0.0033977,0
-0.0082179,0
0.0070673,0
0.0041421,0
0.0026589,0
0.0036979,0
1.2843,0
1.2811,0
1.2724,0
1.2826,0
1.2778,0
1.2669,0
1.2751,0
0.0066539,0
-0.0012456,1
0.0057416,1
1.2715,1
1.2675,1
1.2786,1
1.2809,1
1.2818,1
1.2788,1
1.2838,1
0.0058127,1
-0.0028316,1
0.009686,1
-0.00080792,1
0.0076427,1
-0.0059349,1
0.00062169,1
-0.0032517,1
-0.0011266,1
-0.010404,1
0.00043227,1
-0.010008,0
0.001445,0
-0.0048526,0
0.0013406,0
-0.0057078,0
0.0097585,0
-0.010571,0
-0.012787,0
0.0072826,0
0.0013998,0
0.0018891,0
0.0005087,0
1.2674,0
1.281,0
1.2751,0
1.276,0
1.2718,0
1.2655,0
1.2828,0
-0.0076527,0
-0.0094128,0
0.01756,0
-0.0015394,0
0.00028636,0
0.00026541,0
0.0052085,0
-0.0024207,0
0.0012702,0
-0.0042106,0
0.0017713,0
0.0064137,0
0.0093045,0
1.276,0
1.2848,0
1.2748,0
1.2804,0
1.2842,0
1.2703,0
1.2821,0
-0.0095483,0
0.00020614,1
0.0044047,1
1.2733,1
1.2736,1
1.2768,1
1.2852,1
1.2757,1
1.278,1
1.2766,1
-0.0065838,1
-0.00056017,1
-0.0040486,1
0.0085368,1
-0.010922,1
0.013699,1
-0.0045609,1
-0.0011653,1
0.0011515,1
-0.0046484,1
-0.0099713,1
0.0014151,0
-0.010813,0
-0.0027521,0
-0.0073613,0
-0.0056602,0
-0.0020227,0
-0.015736,0
-0.011091,0
0.0015156,0
-0.012729,0
0.0027012,0
-0.0012798,0
1.2771,0
1.2739,0
1.2752,0
1.2749,0
1.2757,0
1.2777,0
1.2763,0
-0.0037362,0
-0.0049193,1
-0.0068553,1
1.267,1
1.2684,1
1.2779,1
1.2813,1
1.2808,1
1.2761,1
1.2762,1
0.0024569,1
-0.0015789,1
0.016311,1
0.00078825,1
-0.00084914,1
-0.0036438,1
0.011267,1
-0.015328,1
-0.0041633,1
0.0064656,1
-0.0075532,1
0.0035601,1
0.0043085,1
1.2808,1
1.2806,1
1.2859,1
1.2697,1
1.272,1
1.2854,1
1.2766,1
-0.0033679,1
-0.003195,1
0.0050533,1
-0.0018062,1
0.0023823,1
0.0074987,1
-0.0056285,1
0.0040408,1
0.0045278,1
-0.0064065,1
-0.0056639,1
0.009333,1
-0.0086507,1
1.2845,1
1.2776,1
1.2791,1
1.2754,1
1.289,1
1.2806,1
1.2716,1
0.0036141,1
-0.0023347,1
0.0013261,1
-0.011314,1
-0.00091714,1
-0.0042134,1
-0.0026239,1
0.0084538,1
0.011364,1
0.0010625,1
-0.0040783,1
0.0016089,0
-0.00060821,0
-0.0028472,0
0.00047524,0
0.0014572,0
0.00097361,0
0.0035557,0
-0.010825,0
0.0017104,0
0.0023381,0
0.005988,0
0.0010936,0
1.2804,0
1.2738,0
1.2751,0
1.2655,0
1.2687,0
1.2703,0
1.2824,0
-0.0037744,0
-0.019481,0
-0.0018668,0
0.013061,0
0.0031623,0
0.0093422,0
-0.0057134,0
0.0054604,0
0.005184,0
0.0039972,0
-0.0022804,0
-0.0015221,0
-0.0079454,0
1.266,0
1.2767,0
1.2851,0
1.2641,0
1.2753,0
1.2821,0
1.2843,0
0.0011365,0
-0.0048312,1
-0.0084994,1
1.2801,1
1.2827,1
1.2632,1
1.2728,1
1.2716,1
1.2713,1
1.2771,1
-0.00053579,1
-0.00043663,1
0.0063481,1
-0.0078475,1
-0.0062189,1
0.0052993,1
-0.011431,1
-0.006156,1
-0.0099429,1
0.0055656,1
-0.0015926,1
0.0052009,1
0.012539,1
1.2831,1
1.2845,1
1.2788,1
1.2792,1
1.2706,1
1.2776,1
1.2654,1
-0.00077149,1
0.0048653,1
-0.0038557,1
0.00792,1
0.00041803,1
0.0047786,1
-0.014701,1
-0.0016745,1
0.0069139,1
-0.009817,1
0.0051972,1
0.021294,1
0.00012914,1
1.2808,1
1.2763,1
1.2723,1
1.2746,1
1.2776,1
1.282,1
1.2821,1
-0.0024766,1
0.0057039,1
0.0038196,1
-0.0021182,1
-0.0094387,1
-0.0030197,1
0.0030204,1
-0.015579,1
-0.0047388,1
0.00096963,1
-0.0031416,1
-0.0055422,1
-0.002236,1
1.2802,1
1.2816,1
1.2722,1
1.279,1
1.2705,1
1.2798,1
1.2899,1
0.0029953,1
0.0028437,1
0.0042578,1
0.0040999,1
0.0055664,1
-0.0040414,1
0.0074421,1
-0.00088648,1
0.0046125,1
-0.003636,1
0.0032814,1
0.0054771,0
-0.017601,0
-0.0062147,0
0.0020309,0
0.0067137,0
-0.001406,0
-0.0026865,0
0.0030813,0
-0.00034926,0
0.0027507,0
0.0055449,0
0.006208,0
1.2922,0
1.2744,0
1.2716,0
1.2732,0
1.2813,0
1.2834,0
1.278,0
0.0018363,0
-0.0068349,0
0.0014749,0
0.00029655,0
0.011735,0
-0.0029031,0
-0.0039929,0
-0.00010263,0
8.5618e-05,0
0.01165,0
0.0012672,0
1.053e-05,0
0.0025201,0
1.2744,0
1.2772,0
1.2857,0
1.2765,0
1.2899,0
1.2789,0
1.273,0
-0.0057537,0
0.002551,1
-0.0057813,1
1.2823,1
1.2937,1
1.2788,1
1.2827,1
1.2722,1
1.2802,1
1.285,1
-0.0018116,1
0.0071777,1
-0.0013574,1
-0.017639,1
0.0060194,1
0.0078447,1
0.0052737,1
-0.00653,1
-0.013526,1
-0.0012468,1
0.0045969,1
0.002183,1
-0.0063025,1
1.2745,1
1.2715,1
1.2778,1
1.2661,1
1.2865,1
1.2824,1
1.2846,1
-0.0056622,1
0.0070559,1
0.00072082,1
-0.0082612,1
-0.0022172,1
-0.00084934,1
0.0066693,1
-0.0021551,1
0.01437,1
-0.0004566,1
-0.0086695,1
-0.0016836,1
0.0037837,1
1.2895,1
1.273,1
1.2854,1
1.2945,1
1.278,1
1.2805,1
1.2765,1
-0.011485,1
0.007155,1
2.7405e-05,1
-0.0090713,1
0.0070219,1
-0.0065685,1
-0.0083295,1
-0.0039486,1
0.010367,1
-0.0082586,1
-0.0021021,1
-0.011018,1
-0.0057721,1
1.2739,1
1.2862,1
1.2783,1
1.2833,1
1.2804,1
1.2805,1
1.2783,1
0.0069663,1
0.0018882,1
0.0065713,1
-0.0042582,1
0.0047278,1
0.0088445,1
0.0041582,1
-0.0076737,1
0.0031793,1
0.0057911,1
-0.0002257,1
0.0076975,1
0.0054934,1
1.274,1
1.2855,1
1.2707,1
1.2809,1
1.2772,1
1.2807,1
1.279,1
0.0041477,1
-0.0030511,1
-0.0016037,1
0.00337,1
0.0059457,1
-0.0075052,1
-0.0079278,1
0.0034047,1
0.0042528,1
-0.0080342,1
0.006443,1
-0.0050673,1
0.0039599,1
1.2846,1
1.2858,1
1.2703,1
1.278,1
1.282,1
1.2795,1
1.277,1
-0.0018219,1
-0.0071375,1
0.00023754,1
-0.0047527,1
-0.0046533,1
-0.0040701,1
0.0055621,1
-0.0020467,1
0.0021194,1
-0.0095782,1
-0.0075156,1
-0.002649,0
-0.0073113,0
0.010836,0
-0.0038904,0
0.0059641,0
0.0073375,0
-0.0029079,0
-0.00060908,0
-0.005935,0
-0.002743,0
-0.0047808,0
0.0010245,0
1.2789,0
1.2751,0
1.2721,0
1.2687,0
1.2767,0
1.2716,0
1.287,0
0.00046316,0
-6.1996e-06,0
0.00079242,0
-0.010488,0
-0.0042517,0
-0.008551,0
0.0085264,0
-0.0056143,0
0.0031501,0
-0.0014849,0
0.0039735,0
0.000363,0
0.0011954,0
1.2823,0
1.2761,0
1.2697,0
1.2744,0
1.2779,0
1.2843,0
1.2811,0
-0.0057076,0
0.0083717,1
-0.0091978,1
1.2823,1
1.2891,1
1.2718,1
1.2961,1
1.2847,1
1.2761,1
1.2659,1
0.0037247,1
0.011616,1
0.0010649,1
0.0075088,1
0.0015363,1
0.0074875,1
0.016643,1
0.0015647,1
0.0089207,1
-0.0030625,1
0.0051912,1
-0.0036205,1
-0.002136,1
1.2706,1
1.2833,1
1.2788,1
1.2857,1
1.2852,1
1.2804,1
1.2762,1
-0.0063905,1
0.00047285,1
-0.0012199,1
-0.01171,1
0.0062979,1
-0.0082416,1
0.0013036,1
-0.0087555,1
-0.0028691,1
-0.0017168,1
0.0042426,1
-0.0066209,1
-0.008201,1
1.286,1
1.279,1
1.2787,1
1.2848,1
1.2775,1
1.2696,1
1.2856,1
-0.012855,1
-0.0037322,1
-0.0056921,1
-0.00052009,1
0.0029407,1
-0.004402,1
-0.0099942,1
-0.014846,1
-0.002555,1
0.0063728,1
0.0061228,1
0.010641,1
0.0041656,1
1.2749,1
1.2815,1
1.2853,1
1.2942,1
1.2748,1
1.2901,1
1.269,1
-0.0088364,1
0.00014853,1
0.00036251,1
0.0031003,1
-0.00028817,1
-0.0027066,1
0.0033953,1
0.0036694,1
0.0091787,1
-0.0045978,1
-0.013431,1
-0.0020176,0
0.0002812,0
0.00054564,0
-0.013894,0
-0.0029665,0
0.00011186,0
0.004965,0
0.0048719,0
0.012174,0
0.0078038,0
0.00079221,0
0.0030586,0
1.2812,0
1.2848,0
1.2854,0
1.2756,0
1.2698,0
1.2829,0
1.275,0
0.0083205,0
-0.0066696,1
-0.0091875,1
1.2814,1
1.2855,1
1.282,1
1.2791,1
1.274,1
1.2759,1
1.2752,1
-0.001347,1
-0.00014113,1
0.0096001,1
0.0046915,1
0.0053767,1
0.011645,1
0.0016292,1
0.015213,1
-0.0077752,1
0.0054918,1
-0.0015132,1
-0.0034084,0
0.0085954,0
-0.014514,0
-0.0026143,0
0.0016489,0
-0.0077003,0
0.0022745,0
-0.0057752,0
-0.003056,0
0.00032422,0
-0.0023425,0
7.5856e-06,0
1.2827,0
1.2735,0
1.2964,0
1.2828,0
1.28,0
1.2827,0
1.2794,0
-0.0095659,0
-0.0024262,0
0.0046977,0
-0.0066835,0
-0.0047504,0
0.013233,0
-0.001782,0
-0.00086142,0
-0.0021917,0
0.00032168,0
0.0045722,0
0.011836,0
0.0045124,0
1.277,0
1.2784,0
1.282,0
1.2801,0
1.2803,0
1.2755,0
1.2775,0
-0.0050747,0
-0.013126,0
-7.3205e-05,0
-0.0070341,0
-0.0052223,0
0.0090771,0
0.0083756,0
-0.00080245,0
-0.0079256,0
0.0032974,0
0.0089692,0
0.0075332,0
-0.0024024,0
1.2742,0
1.2934,0
1.2833,0
1.274,0
1.273,0
1.2837,0
1.2831,0
-0.0079695,0
0.0057694,1
4.6992e-05,1
1.2705,1
1.2753,1
1.2931,1
1.2727,1
1.2627,1
1.2941,1
1.278,1
0.0047794,1
-0.007445,1
-0.0039381,1
-0.00071034,1
0.0047519,1
0.0019284,1
-0.0026394,1
0.011477,1
-0.0059362,1
-0.0033107,1
0.0069258,1
-5.2617e-05,0
-0.0029285,0
0.00077429,0
-0.0053464,0
0.011177,0
0.0035092,0
0.0049095,0
0.0057994,0
0.0057596,0
0.0044371,0
-0.015518,0
0.0055197,0
1.2771,0
1.2807,0
1.2716,0
1.2729,0
1.2889,0
1.2789,0
1.2895,0
5.4054e-05,0
-0.0077146,1
-0.0006356,1
1.2813,1
1.2803,1
1.2845,1
1.2738,1
1.2823,1
1.2737,1
1.2812,1
0.011118,1
0.0031931,1
-0.0051985,1
0.012658,1
-0.0025793,1
-0.011631,1
-0.0059829,1
0.0025308,1
-0.007736,1
0.00084546,1
0.0013497,1
0.01057,1
0.0084411,1
1.2814,1
1.272,1
1.2792,1
1.2826,1
1.2736,1
1.2786,1
1.2832,1
0.0068003,1
-0.00098141,1
-0.002089,1
-0.0034079,1
-0.0024134,1
-0.024349,1
-0.0011542,1
-0.010865,1
-0.00042509,1
0.0036165,1
-0.0039725,1
-0.0010147,0
0.0024489,0
0.005898,0
0.010142,0
0.0064555,0
-0.013733,0
0.0025229,0
-0.0055224,0
-0.0010099,0
-0.011532,0
0.0056001,0
0.0010709,0
1.2794,0
1.2827,0
1.2822,0
1.2818,0
1.2821,0
1.2795,0
1.277,0
0.0034291,0
0.0038103,0
0.01094,0
0.0069512,0
0.00015072,0
0.010025,0
-0.0059832,0
0.0012598,0
-0.0050551,0
-0.011994,0
0.0056366,0
0.003567,0
-0.0091789,0
1.2804,0
1.2837,0
1.2907,0
1.2721,0
1.2868,0
1.288,0
1.2672,0
-0.0036873,0
-0.0040692,0
0.0010243,0
-0.0042224,0
0.00044073,0
0.0019279,0
-0.0076493,0
-0.00163,0
0.012249,0
-0.0073707,0
-0.0028096,0
-0.0015956,0
0.0017261,0
1.2849,0
1.275,0
1.2718,0
1.2746,0
1.2866,0
1.2801,0
1.2719,0
-0.0048791,0
-0.0010093,0
-0.00483,0
-0.0016988,0
-0.0021256,0
0.016859,0
0.0038832,0
0.0027107,0
-0.0045195,0
0.0022558,0
-0.0042418,0
0.0088438,0
0.0029482,0
1.2857,0
1.272,0
1.2789,0
1.2655,0
1.2821,0
1.2817,0
1.2769,0
-0.00089655,0
-0.0057092,1
0.0097192,1
1.2877,1
1.2867,1
1.2835,1
1.2867,1
1.2803,1
1.2729,1
1.2939,1
-0.013149,1
0.0080192,1
-0.0069173,1
-0.010662,1
-0.012899,1
0.0065471,1
-0.0067185,1
-0.0085446,1
0.0012352,1
0.00081248,1
0.0065807,1
0.013679,0
-0.012299,0
-0.0024971,0
-0.00021077,0
-0.0029452,0
-0.00023366,0
0.012821,0
0.0038265,0
-0.0067976,0
-0.0063421,0
0.0040182,0
0.0032411,0
1.2819,0
1.2839,0
1.2921,0
1.2666,0
1.2893,0
1.2836,0
1.271,0
-0.0079232,0
-0.0047358,1
0.0038128,1
1.2783,1
1.2845,1
1.2799,1
1.2766,1
1.2731,1
1.2933,1
1.2828,1
7.1312e-05,1
0.0022831,1
-0.0063061,1
0.0021814,1
0.0027819,1
-0.0025503,1
-0.011987,1
0.0070678,1
0.0049213,1
0.0010434,1
0.0075549,1
0.0067982,1
0.00093971,1
1.2929,1
1.2886,1
1.2818,1
1.2912,1
1.2862,1
1.2986,1
1.2755,1
0.0019789,1
-0.0066783,1
0.0012025,1
-0.00053857,1
-0.0013778,1
0.00075436,1
-0.00053736,1
0.0028417,1
0.0064422,1
-0.0042262,1
-0.0072493,1
-0.0095562,1
-0.0029125,1
1.2704,1
1.2727,1
1.2805,1
1.2838,1
1.2677,1
1.2765,1
1.301,1
-0.0067925,1
-0.0010169,1
-0.0049811,1
-0.0010579,1
-0.0099279,1
0.0051317,1
0.00072862,1
-0.0020072,1
-0.003057,1
0.010391,1
0.00017188,1
-0.0038143,1
-0.0071079,1
1.2797,1
1.2864,1
1.2728,1
1.288,1
1.2866,1
1.2765,1
1.2907,1
-0.0018928,1
0.0010804,1
0.0025401,1
0.0094312,1
0.01447,1
-0.0044681,1
-0.010862,1
0.0088713,1
0.0039284,1
-0.0017227,1
0.0012407,1
-0.014006,1
-0.007788,1
1.277,1
1.2913,1
1.2707,1
1.2853,1
1.2974,1
1.2939,1
1.2826,1
0.0026824,1
0.010799,1
-0.0014474,1
-0.0062128,1
-0.0035664,1
0.00079649,1
-0.0020501,1
0.0044975,1
-0.0021521,1
-0.0051554,1
-0.0042951,1
0.011928,0
-0.0064846,0
0.00058791,0
0.0060995,0
-0.0066606,0
0.0079637,0
0.010002,0
0.0011087,0
-0.0065181,0
0.01668,0
0.004028,0
0.0020489,0
1.2903,0
1.279,0
1.2787,0
1.296,0
1.2867,0
1.289,0
1.272,0
-0.00537,0
-0.0018745,1
-0.0049011,1
1.2843,1
1.2804,1
1.2816,1
1.2883,1
1.2852,1
1.2763,1
1.2796,1
-0.007477,1
0.00026716,1
0.0056124,1
-0.011879,1
-0.003933,1
-0.0014245,1
-0.010905,1
-0.0062401,1
0.0042338,1
0.0010211,1
-0.0066232,1
-0.00050142,1
-0.0023946,1
1.2716,1
1.28,1
1.2778,1
1.2836,1
1.2918,1
1.2806,1
1.2901,1
-0.0060192,1
-0.0065866,1
0.0074627,1
-0.00078183,1
-0.0037704,1
0.01278,1
-0.0015587,1
0.0006428,1
0.0032261,1
-0.0033828,1
-0.0025518,1
0.0076054,0
-0.0017522,0
-0.0037331,0
-0.0019936,0
0.0045591,0
-0.0016037,0
0.0045439,0
-0.0048059,0
-0.01041,0
0.010446,0
-0.0022939,0
-0.0047947,0
1.2821,0
1.2855,0
1.2869,0
1.2817,0
1.2836,0
1.2932,0
1.2813,0
-0.005806,0
5.8698e-08,0
-0.0011473,0
0.0030334,0
0.0047975,0
0.010262,0
-0.0070523,0
-0.002348,0
-0.00079226,0
0.011007,0
0.0049249,0
-0.0060541,0
0.004565,0
1.2867,0
1.276,0
1.2819,0
1.2863,0
1.2844,0
1.2847,0
1.2759,0
-0.011926,0
0.0032121,1
0.0049642,1
1.2801,1
1.2813,1
1.2721,1
1.2906,1
1.2798,1
1.2859,1
1.2768,1
0.0057695,1
0.00068074,1
-0.0047058,1
-0.0010519,1
0.0012178,1
-0.009598,1
-0.0076678,1
0.0093904,1
-0.01044,1
0.015567,1
0.0011939,1
7.1746e-06,0
0.0035216,0
0.010782,0
-0.014154,0
-0.0014264,0
-0.0037094,0
-0.0056952,0
0.00024284,0
-0.0026469,0
0.0054298,0
-0.0042117,0
-0.015455,0
1.2834,0
1.2775,0
1.2777,0
1.2783,0
1.2819,0
1.2936,0
1.2802,0
0.004487,0
-0.0056945,1
0.0023528,1
1.2841,1
1.2974,1
1.2843,1
1.2838,1
1.2843,1
1.2878,1
1.2702,1
-0.0016941,1
-0.0026774,1
-0.0011022,1
-0.0034911,1
-0.016502,1
-0.0116,1
0.00079835,1
0.00010697,1
0.0080111,1
0.0059271,1
-0.010958,1
0.00044401,0
-0.0025875,0
0.0047338,0
0.0057457,0
-0.0033597,0
-0.0072794,0
-0.0038826,0
0.0026387,0
-0.0018548,0
-0.0010271,0
0.01128,0
0.006268,0
1.2766,0
1.2909,0
1.2955,0
1.2842,0
1.2787,0
1.2856,0
1.2869,0
-0.00046552,0
-0.0021734,1
0.0052898,1
1.2855,1
1.2804,1
1.2781,1
1.293,1
1.2802,1
1.2877,1
1.2826,1
-0.0035788,1
-0.0016895,1
0.00060806,1
0.0097222,1
-0.014226,1
-0.0076373,1
0.0071319,1
0.0080344,1
-0.0058543,1
-0.0024639,1
-0.0052597,1
0.0047805,0
-0.0022906,0
-0.00038588,0
-0.0037436,0
0.0048329,0
-0.0032143,0
0.0043899,0
-0.0018359,0
-0.00062225,0
-0.011117,0
-0.0021072,0
-0.0050743,0
1.2843,0
1.287,0
1.2774,0
1.2728,0
1.2898,0
1.2943,0
1.2741,0
0.0038127,0
0.010092,1
-0.0068515,1
1.2802,1
1.2751,1
1.2829,1
1.2843,1
1.2805,1
1.2942,1
1.2772,1
0.0081578,1
-0.0013192,1
-0.016302,1
-0.0067823,1
-0.0023325,1
0.00078328,1
-0.011583,1
-0.0052742,1
0.0036395,1
0.0051591,1
0.015152,1
-0.0017607,1
0.0022466,1
1.2851,1
1.2836,1
1.275,1
1.289,1
1.276,1
1.2732,1
1.281,1
0.0027817,1
0.0058064,1
-0.005202,1
0.0054976,1
0.0048873,1
-0.00064162,1
-0.0068998,1
0.0016794,1
-0.01086,1
0.0004766,1
-0.00088451,1
0.0068979,0
0.010833,0
-0.005557,0
0.0041331,0
0.0080045,0
0.0015193,0
-0.00017959,0
-0.0021694,0
-0.0031173,0
0.0019534,0
0.0028522,0
-0.0042371,0
1.2833,0
1.2813,0
1.2771,0
1.2893,0
1.2864,0
1.2764,0
1.2836,0
-0.0069878,0
-0.01597,1
-0.0035116,1
1.272,1
1.2813,1
1.285,1
1.2807,1
1.2886,1
1.2919,1
1.2711,1
-0.0054204,1
0.0047379,1
-0.00098215,1
0.0085369,1
-0.0036298,1
-0.0030937,1
0.0055056,1
-0.006961,1
0.0038342,1
0.0041449,1
6.6541e-05,1
0.0055662,1
-0.0045194,1
1.2844,1
1.2921,1
1.2897,1
1.2838,1
1.2879,1
1.2715,1
1.2803,1
0.0066499,1
0.0024686,1
0.0099649,1
-0.0052228,1
0.0016041,1
0.0042017,1
-0.0004061,1
0.00073269,1
-0.004471,1
-0.011175,1
0.0034956,1
0.0037715,0
-0.0076048,0
-0.0016239,0
-0.0026203,0
0.0057759,0
-0.0012851,0
-0.0055579,0
0.0029221,0
-0.0013152,0
0.0091469,0
-0.0060011,0
0.0044599,0
1.2764,0
1.2807,0
1.2768,0
1.2882,0
1.2783,0
1.282,0
1.2785,0
-0.0055519,0
0.0043932,0
0.0065874,0
0.0050513,0
0.00052382,0
-0.0038867,0
0.0041454,0
-0.0014896,0
-0.0055427,0
0.007676,0
0.0075318,0
0.0071088,0
-0.0052634,0
1.2898,0
1.2872,0
1.289,0
1.2859,0
1.2958,0
1.2843,0
1.2766,0
0.0022285,0
0.002988,1
0.0078335,1
1.2749,1
1.2804,1
1.271,1
1.2696,1
1.2891,1
1.2871,1
1.2804,1
-0.0064226,1
0.0032672,1
-0.0013005,1
-0.0048799,1
-0.0085948,1
-0.0079202,1
-0.011801,1
0.010582,1
0.0025788,1
-0.0070318,1
0.00057283,1
-0.0012797,1
0.0087815,1
1.2864,1
1.2792,1
1.2885,1
1.2836,1
1.2956,1
1.2879,1
1.2724,1
-0.0056774,1
0.0034496,1
0.0026532,1
-0.0022093,1
-0.0015768,1
0.00021068,1
-0.0014965,1
-0.0046973,1
0.0012793,1
-0.0082205,1
-0.001695,1
0.010172,0
-0.0054524,0
-0.0016487,0
0.0051959,0
-0.012718,0
0.0074274,0
-0.00091392,0
-0.012114,0
-0.0016478,0
-0.015299,0
-0.0076957,0
0.0083377,0
1.2798,0
1.2668,0
1.2784,0
1.2835,0
1.2864,0
1.2871,0
1.2648,0
-0.0008373,0
0.010895,1
0.0086839,1
1.2815,1
1.2866,1
1.2932,1
1.2835,1
1.2833,1
1.2818,1
1.2839,1
-0.00033409,1
0.0072899,1
-0.00097381,1
-0.0084195,1
-0.011744,1
0.010673,1
0.0051255,1
0.014141,1
-0.0071341,1
0.0014339,1
-0.0042198,1
-0.0018194,0
-0.0015202,0
-0.0045836,0
0.007324,0
-0.0039604,0
0.00052723,0
-0.0022624,0
0.0048942,0
-0.0096556,0
-0.0017587,0
-0.0074557,0
0.0071614,0
1.2833,0
1.2803,0
1.2816,0
1.2766,0
1.2904,0
1.286,0
1.2819,0
0.0052336,0
0.0048121,1
-0.012781,1
1.2793,1
1.2826,1
1.2827,1
1.2783,1
1.2771,1
1.2938,1
1.2807,1
-0.0009142,1
-0.0085443,1
0.00073596,1
-0.0017214,1
-0.0021674,1
-0.0059803,1
0.011396,1
0.010026,1
0.00081567,1
-0.0017353,1
0.0042975,1
0.010135,1
-0.0014983,1
1.2875,1
1.2862,1
1.2874,1
1.2926,1
1.2915,1
1.2757,1
1.2871,1
-0.001107,1
0.0012493,1
0.0028929,1
0.0051261,1
-0.016885,1
-0.0022581,1
-0.00097701,1
0.0070985,1
0.0076443,1
0.0046882,1
-0.0025375,1
0.00045741,1
0.0015723,1
1.2851,1
1.2822,1
1.2923,1
1.2877,1
1.2843,1
1.2841,1
1.2861,1
0.0045162,1
0.017719,1
0.0002589,1
0.0016472,1
0.0017778,1
0.0051227,1
0.0045486,1
-0.0044626,1
-0.0070296,1
0.0016269,1
0.013313,1
-0.013502,1
-0.0037849,1
1.2961,1
1.2878,1
1.2884,1
1.2831,1
1.2932,1
1.2777,1
1.2962,1
-0.0015533,1
0.0022056,1
-0.0067863,1
-0.00075897,1
0.0011922,1
0.0021792,1
-0.0012505,1
-0.012868,1
-0.0029094,1
0.01328,1
-0.00066796,1
0.00055501,1
-0.0017522,1
1.2839,1
1.2814,1
1.2863,1
1.2811,1
1.274,1
1.2931,1
1.2758,1
0.0027797,1
-0.014535,1
-0.0010432,1
-0.00082157,1
-0.0042393,1
0.0062732,1
-0.00067614,1
0.0066391,1
0.0073558,1
0.009293,1
-0.0017511,1
-0.0098358,0
-0.0030842,0
-0.0035632,0
0.0073641,0
0.0033824,0
0.015204,0
-0.0026602,0
-0.017233,0
0.0012605,0
0.0035748,0
0.0083719,0
0.0085576,0
1.2941,0
1.2767,0
1.2833,0
1.2925,0
1.2885,0
1.2896,0
1.2868,0
0.0045416,0
-0.00090388,1
0.0075747,1
1.283,1
1.2843,1
1.2833,1
1.2808,1
1.2962,1
1.2798,1
1.2915,1
-0.0067801,1
-0.0013596,1
0.013298,1
0.0055349,1
-0.0095436,1
-0.0021997,1
0.0079607,1
-0.0094438,1
0.0082425,1
0.0098725,1
-0.0029556,1
-0.0022112,1
-0.0014373,1
1.292,1
1.2823,1
1.2783,1
1.2708,1
1.2796,1
1.2947,1
1.2899,1
-0.001313,1
0.0055317,1
-0.0040396,1
-0.00086919,1
0.0044768,1
0.00048339,1
-0.0035444,1
0.0030239,1
0.0026061,1
-0.01439,1
0.000407,1
-0.00038249,1
-0.0078777,1
1.2832,1
1.2749,1
1.2917,1
1.2813,1
1.2751,1
1.2871,1
1.2808,1
-0.012084,1
-0.0012682,1
0.00021669,1
-0.0045155,1
-0.010099,1
0.0093013,1
-0.0018793,1
0.011452,1
0.0002268,1
0.0079595,1
0.0064155,1
-0.0045136,1
0.006554,1
1.2796,1
1.2842,1
1.2997,1
1.285,1
1.2896,1
1.279,1
1.2987,1
-0.0019233,1
0.0003673,1
0.00089303,1
-0.005511,1
0.0063989,1
0.0024434,1
0.00099415,1
-0.0024041,1
-0.013977,1
-0.0070683,1
-0.00062155,1
-0.0015654,1
0.0085195,1
1.2919,1
1.2736,1
1.2895,1
1.2949,1
1.2881,1
1.2782,1
1.2821,1
-0.0075913,1
-0.0067422,1
0.003983,1
-0.0012881,1
-0.004438,1
-0.0011772,1
-0.0032918,1
-0.0028711,1
-0.012118,1
0.0033462,1
-0.0058859,1
-0.0014409,1
-0.0079744,1
1.2901,1
1.2997,1
1.2893,1
1.2834,1
1.2813,1
1.2675,1
1.2862,1
0.0083013,1
-0.0009405,1
-0.0032279,1
0.002876,1
0.0062391,1
0.0038489,1
0.0095291,1
-0.0011311,1
-0.015723,1
0.011168,1
0.004682,1
-0.00394,0
-0.0075221,0
0.006458,0
-0.0081385,0
0.0084974,0
0.0037919,0
-0.011898,0
0.0068721,0
0.0095415,0
-0.0016117,0
0.0042546,0
-0.0065052,0
1.279,0
1.2913,0
1.2882,0
1.2984,0
1.2851,0
1.2936,0
1.2933,0
-0.0063008,0
-0.0031634,1
0.000353,1
1.2972,1
1.2835,1
1.2781,1
1.2924,1
1.2938,1
1.2814,1
1.2911,1
0.0011988,1
0.0042392,1
0.0018928,1
0.0081788,1
-0.0057546,1
0.0041546,1
-0.0086077,1
-0.00038036,1
0.0087974,1
-0.0030698,1
-0.0040475,1
0.0031215,0
-0.0045966,0
-0.015803,0
-0.006635,0
-0.000754,0
0.007683,0
-0.0078976,0
0.009652,0
-0.0038645,0
-0.0079124,0
-0.014421,0
-0.0052847,0
1.2858,0
1.28,0
1.2809,0
1.2874,0
1.2856,0
1.2823,0
1.2952,0
6.8635e-06,0
-0.01185,0
-0.00080989,0
-0.0083101,0
-5.0154e-05,0
0.0068592,0
-0.014953,0
0.0015858,0
0.0085454,0
-0.0034995,0
-0.00061931,0
-0.0099316,0
-0.01769,0
1.2907,0
1.2838,0
1.2807,0
1.2993,0
1.2941,0
1.2865,0
1.283,0
0.0020619,0
-0.0052267,0
0.0012717,0
0.0065776,0
0.0020283,0
-0.0033958,0
-0.0068611,0
0.010668,0
0.0044472,0
-0.003278,0
0.00063849,0
-0.0020202,0
-0.0017477,0
1.29,0
1.2815,0
1.2832,0
1.2867,0
1.2907,0
1.2907,0
1.2789,0
0.0039851,0
0.0050216,0
-0.0049922,0
-0.0024266,0
0.012881,0
0.0041531,0
0.010476,0
0.0062736,0
-0.005661,0
0.018473,0
0.0048277,0
-0.0035962,0
0.005144,0
1.2857,0
1.2865,0
1.2821,0
1.2859,0
1.2943,0
1.2916,0
1.2869,0
-0.0054466,0
-0.026185,0
0.012867,0
0.0015522,0
0.0012077,0
-0.017383,0
-0.008878,0
-0.0094204,0
-0.0028043,0
0.0010523,0
-0.0041755,0
0.001732,0
0.0011116,0
1.2879,0
1.2919,0
1.2884,0
1.2847,0
1.2857,0
1.2911,0
1.2916,0
-0.0062223,0
0.003401,1
0.013737,1
1.2899,1
1.2763,1
1.2871,1
1.2905,1
1.2869,1
1.284,1
1.2978,1
-0.00031745,1
-0.0022271,1
0.00042802,1
0.0098186,1
-0.0031864,1
0.0027173,1
0.002685,1
0.0088181,1
0.001821,1
-0.0021759,1
0.006161,1
0.0052165,0
0.0024986,0
0.013522,0
-0.0043849,0
-0.0039719,0
-0.001939,0
-0.006429,0
0.0071328,0
-0.0023408,0
-0.0016778,0
0.0059332,0
-0.0029443,0
1.2748,0
1.2827,0
1.2779,0
1.2885,0
1.2761,0
1.2936,0
1.2888,0
0.0050377,0
-0.0083179,1
-0.0050256,1
1.2751,1
1.2894,1
1.2884,1
1.289,1
1.2757,1
1.2995,1
1.2754,1
-0.0096679,1
0.00087807,1
0.0070749,1
0.0089272,1
-0.00088235,1
0.0032043,1
-0.0036607,1
-6.4105e-05,1
0.011713,1
-0.0011356,1
0.0046686,1
0.0073169,1
-0.0010654,1
1.287,1
1.2825,1
1.2882,1
1.2885,1
1.2806,1
1.2864,1
1.2956,1
0.0095721,1
0.003256,1
-0.0031604,1
-0.0023188,1
-0.0068012,1
0.00020398,1
-0.0030975,1
-0.0023543,1
0.0064523,1
0.010417,1
0.0014689,1
-0.010921,0
0.0039646,0
-0.0001822,0
-0.00066756,0
-0.0017825,0
0.0013303,0
-0.00049071,0
0.00012599,0
0.0079077,0
-0.0015929,0
0.0059892,0
0.006297,0
1.2881,0
1.2753,0
1.2819,0
1.2865,0
1.2809,0
1.2756,0
1.2899,0
-0.0079566,0
-0.0068213,0
-0.0074593,0
-0.00045614,0
0.002698,0
-0.0068223,0
-0.0016459,0
-0.0044425,0
-0.0018591,0
0.010636,0
-0.0079139,0
0.0029547,0
-0.0074979,0
1.2827,0
1.2918,0
1.295,0
1.2843,0
1.2864,0
1.272,0
1.2867,0
0.00086996,0
0.0016873,0
0.0012591,0
0.0039236,0
0.0063438,0
0.0032928,0
0.0020008,0
0.0037605,0
0.00018049,0
-0.0050122,0
-0.0013947,0
0.0055224,0
-0.0098571,0
1.2817,0
1.2838,0
1.2783,0
1.2939,0
1.2906,0
1.2846,0
1.291,0
-0.005913,0
-0.01268,1
-0.0020062,1
1.2999,1
1.284,1
1.2765,1
1.2801,1
1.2782,1
1.2901,1
1.2766,1
-0.00453,1
-0.0059999,1
-0.0040883,1
0.0038819,1
-0.00064389,1
-0.0084061,1
0.0044251,1
-0.0043424,1
0.004318,1
-0.00059753,1
0.0020612,1
-0.012261,1
-0.00012055,1
1.2889,1
1.2894,1
1.2789,1
1.2804,1
1.2857,1
1.2928,1
1.2797,1
-0.0019871,1
-0.010243,1
0.0081396,1
-0.0095426,1
0.007185,1
-0.003437,1
-5.7661e-06,1
-0.0019416,1
0.0015293,1
0.009201,1
0.0045732,1
-0.010994,1
-0.0064185,1
1.2909,1
1.2998,1
1.2801,1
1.2902,1
1.279,1
1.2907,1
1.2781,1
-0.0091951,1
-0.0043972,1
-0.0028804,1
-0.0056513,1
0.0016617,1
-0.0043456,1
0.0077352,1
-0.004174,1
-0.010475,1
0.0055392,1
-0.0052771,1
0.0057223,1
0.0095489,1
1.2984,1
1.2732,1
1.2887,1
1.2946,1
1.2828,1
1.2915,1
1.2954,1
0.0036535,1
0.0063001,1
-0.00034926,1
0.0069748,1
0.0025613,1
-0.0045915,1
0.010844,1
0.011508,1
0.01044,1
-0.0070752,1
0.0029595,1
-0.00068537,0
-0.0028641,0
-0.0052409,0
0.0034832,0
0.0056176,0
-0.0080484,0
0.0081899,0
0.00095945,0
-0.0033649,0
0.0036404,0
-0.0095506,0
-0.0069745,0
1.289,0
1.2841,0
1.2913,0
1.2898,0
1.2933,0
1.2873,0
1.2883,0
0.0033888,0
0.00053959,0
-0.0090466,0
0.00026571,0
0.0016254,0
-0.0059946,0
0.0050243,0
-0.00096058,0
0.0045022,0
0.0051788,0
0.0085719,0
0.002121,0
-0.00080504,0
1.2787,0
1.284,0
1.2911,0
1.2984,0
1.2813,0
1.2781,0
1.3003,0
0.0026452,0
0.0029088,1
-0.011671,1
1.2849,1
1.2905,1
1.2801,1
1.2955,1
1.2937,1
1.2942,1
1.2901,1
-0.0088262,1
-0.0041845,1
0.0011944,1
0.010811,1
0.0018343,1
-0.0030382,1
-0.0020191,1
-0.0056394,1
-0.00071655,1
-0.007826,1
0.010345,1
-0.0066041,1
-0.0064436,1
1.2888,1
1.2934,1
1.2891,1
1.3013,1
1.2859,1
1.2827,1
1.2858,1
-0.0080137,1
-0.0036132,1
-0.0018259,1
-0.010934,1
0.0021237,1
0.0056371,1
0.0004949,1
0.00014697,1
-0.0027205,1
-0.0037374,1
0.0071017,1
-0.004678,1
-0.0076049,1
1.2796,1
1.2723,1
1.2818,1
1.2832,1
1.2942,1
1.2839,1
1.2936,1
-0.00037642,1
0.0020983,1
-0.0090473,1
0.011768,1
-0.0025683,1
0.00081461,1
-0.0053262,1
-0.0049515,1
-0.0054074,1
0.0068149,1
0.0034124,1
-0.012025,1
0.0014239,1
1.287,1
1.2877,1
1.2875,1
1.2833,1
1.2984,1
1.2836,1
1.2711,1
-0.0019394,1
-0.0048239,1
-0.0088992,1
-0.0060199,1
0.003483,1
-0.0014091,1
0.0050884,1
-0.0022733,1
0.0050013,1
-0.0039009,1
0.0020036,1
-0.0063128,1
-0.0047349,1
1.2942,1
1.29,1
1.2908,1
1.2945,1
1.2855,1
1.2929,1
1.2781,1
0.0010413,1
-0.00067969,1
0.0044823,1
-0.0070882,1
0.0020968,1
-0.01497,1
0.0031146,1
-0.0090543,1
0.001575,1
-0.0028326,1
-0.0010189,1
0.00018149,1
0.0065761,1
1.2846,1
1.2847,1
1.2853,1
1.2883,1
1.289,1
1.2882,1
1.2932,1
0.0028438,1
-0.0067292,1
-0.0050351,1
-0.0024577,1
-0.012211,1
0.0042999,1
0.002004,1
0.017017,1
0.0091053,1
0.010666,1
-0.0013462,1
0.0011437,1
0.012562,1
1.2887,1
1.2914,1
1.2816,1
1.2836,1
1.2954,1
1.2866,1
1.2831,1
-0.010583,1
-0.0060604,1
0.0019449,1
0.00010859,1
0.010732,1
-0.0063715,1
-0.0059668,1
-0.00026052,1
-0.0057099,1
-0.0043871,1
-0.0011186,1
0.0051734,1
-0.0083416,1
1.2954,1
1.2988,1
1.2818,1
1.2872,1
1.2906,1
1.296,1
1.2911,1
-0.01118,1
-0.0075285,1
0.010259,1
-0.0035356,1
-0.016286,1
0.0035926,1
-0.0072274,1
0.0053783,1
0.0010449,1
-0.0031519,1
0.0035012,1
0.0037885,0
-0.0030721,0
0.00045566,0
-0.0046298,0
0.0075259,0
-0.0034556,0
-0.0034705,0
-0.0032494,0
0.0028367,0
-0.0015355,0
0.0050203,0
0.0073698,0
1.3054,0
1.2759,0
1.2884,0
1.296,0
1.2733,0
1.2816,0
1.2901,0
-0.003088,0
0.0031416,0
-0.0093933,0
0.0057969,0
0.0022083,0
0.0041928,0
-0.0067002,0
0.00018759,0
0.0056797,0
0.0014501,0
0.011599,0
0.0059005,0
-0.0095408,0
1.2887,0
1.2803,0
1.2878,0
1.288,0
1.2919,0
1.2863,0
1.2883,0
-0.0031084,0
-0.0085973,0
0.014274,0
-0.0091055,0
0.0063605,0
0.0059382,0
-0.0012223,0
-0.0067158,0
-0.012647,0
0.0018091,0
-0.014648,0
-0.008688,0
0.007645,0
1.2875,0
1.2866,0
1.2985,0
1.2874,0
1.2898,0
1.3001,0
1.2854,0
0.0051513,0
-0.0026918,0
0.0051262,0
0.0033437,0
-0.0033568,0
0.0055462,0
0.0010766,0
-0.00067365,0
-0.010545,0
-0.0085574,0
-0.0012944,0
-0.00032907,0
-0.011996,0
1.2899,0
1.2894,0
1.289,0
1.2823,0
1.288,0
1.2996,0
1.2883,0
-0.0011461,0
0.01351,0
0.0017587,0
-0.0086339,0
0.0099725,0
0.010552,0
0.0032901,0
0.0012788,0
0.010244,0
0.0057491,0
0.0059139,0
-0.00097138,0
-0.0028906,0
1.2954,0
1.2791,0
1.2904,0
1.2828,0
1.3043,0
1.281,0
1.2948,0
0.0098553,0
0.0027644,1
-0.01444,1
1.2938,1
1.2943,1
1.2879,1
1.2868,1
1.2888,1
1.2892,1
1.2927,1
0.0048415,1
-0.004502,1
0.0030162,1
-0.0012754,1
-0.0041981,1
-0.0080805,1
-0.0086149,1
0.0036925,1
0.0051493,1
-0.0029724,1
0.0022574,1
0.0029009,0
0.0021564,0
0.0038213,0
0.0041979,0
-0.006081,0
-0.00097632,0
0.0074866,0
0.0049709,0
0.00051189,0
0.0029958,0
-0.0030591,0
-0.0065649,0
1.2888,0
1.2875,0
1.2836,0
1.2903,0
1.2913,0
1.2799,0
1.2921,0
2.1159e-05,0
0.0053954,1
